/*
 Navicat Premium Data Transfer

 Source Server         : xiaopu_test
 Source Server Type    : MySQL
 Source Server Version : 50715
 Source Host           : 192.168.18.249
 Source Database       : xiaopu_test1

 Target Server Type    : MySQL
 Target Server Version : 50715
 File Encoding         : utf-8

 Date: 10/24/2016 19:15:21 PM
*/

SET NAMES utf8;
SET FOREIGN_KEY_CHECKS = 0;

-- ----------------------------
--  Table structure for `app_versions`
-- ----------------------------
DROP TABLE IF EXISTS `app_versions`;
CREATE TABLE `app_versions` (
  `id` int(11) NOT NULL AUTO_INCREMENT,
  `app_id` varchar(5) COLLATE utf8_bin NOT NULL COMMENT '1.android;2.ios',
  `app_name` varchar(50) COLLATE utf8_bin NOT NULL,
  `verison` varchar(20) COLLATE utf8_bin NOT NULL COMMENT '短信模版［1.注册、2.找回密码］',
  `useragent` varchar(300) COLLATE utf8_bin NOT NULL,
  `useragent_name` varchar(255) COLLATE utf8_bin NOT NULL,
  `download_url` varchar(255) COLLATE utf8_bin NOT NULL,
  `description` varchar(255) COLLATE utf8_bin DEFAULT NULL,
  `is_update` tinyint(11) DEFAULT '0' COMMENT '是否强制升级，1：强制升级，0：不强制',
  PRIMARY KEY (`id`)
) ENGINE=InnoDB AUTO_INCREMENT=4 DEFAULT CHARSET=utf8 COLLATE=utf8_bin ROW_FORMAT=COMPACT COMMENT='版本更新表\n待确认';

-- ----------------------------
--  Records of `app_versions`
-- ----------------------------
BEGIN;
INSERT INTO `app_versions` VALUES ('1', '1', 'android', '1.0', '代理一', '代理名称', 'DownloadURL', null, '0'), ('2', '2', 'ios', '1.0', '代理一', '代理名称', 'DownloadURL', null, '0');
COMMIT;

-- ----------------------------
--  Table structure for `event_groups`
-- ----------------------------
DROP TABLE IF EXISTS `event_groups`;
CREATE TABLE `event_groups` (
  `event_id` int(11) NOT NULL,
  `group_id` int(11) NOT NULL,
  `group_name` varchar(255) COLLATE utf8_bin DEFAULT NULL,
  `school_id` int(11) DEFAULT NULL,
  `school_name` varchar(255) COLLATE utf8_bin DEFAULT NULL,
  PRIMARY KEY (`event_id`,`group_id`)
) ENGINE=InnoDB DEFAULT CHARSET=utf8 COLLATE=utf8_bin ROW_FORMAT=COMPACT COMMENT='社团、活动关联表';

-- ----------------------------
--  Table structure for `event_members`
-- ----------------------------
DROP TABLE IF EXISTS `event_members`;
CREATE TABLE `event_members` (
  `event_id` int(11) NOT NULL,
  `event_name` varchar(255) COLLATE utf8_bin NOT NULL,
  `group_id` int(11) NOT NULL DEFAULT '0' COMMENT '官方发布id为0',
  `member_id` int(11) NOT NULL,
  `status` tinyint(1) NOT NULL COMMENT '1.审核通过；2.审核中；3.审核未通过',
  `memo` varchar(255) COLLATE utf8_bin DEFAULT NULL COMMENT '审核意见',
  `is_join` tinyint(1) DEFAULT NULL COMMENT '1.参加',
  `is_follow` tinyint(1) DEFAULT NULL COMMENT '1.关注',
  `join_time` timestamp NOT NULL DEFAULT CURRENT_TIMESTAMP ON UPDATE CURRENT_TIMESTAMP
) ENGINE=InnoDB DEFAULT CHARSET=utf8 COLLATE=utf8_bin ROW_FORMAT=COMPACT COMMENT='活动成员表';

-- ----------------------------
--  Table structure for `events`
-- ----------------------------
DROP TABLE IF EXISTS `events`;
CREATE TABLE `events` (
  `id` int(11) NOT NULL AUTO_INCREMENT,
  `creator_id` int(11) NOT NULL COMMENT '创建人user_id',
  `organize_id` int(11) NOT NULL COMMENT '社团group_id',
  `organize_name` varchar(100) COLLATE utf8_bin NOT NULL,
  `subject` varchar(255) COLLATE utf8_bin NOT NULL,
  `description` varchar(4000) COLLATE utf8_bin NOT NULL,
  `start_time` datetime NOT NULL,
  `end_time` datetime NOT NULL,
  `address` varchar(255) COLLATE utf8_bin NOT NULL,
  `status` tinyint(1) NOT NULL COMMENT '0.新创建；1.已发布；2.已结束',
  `join_type` tinyint(1) NOT NULL DEFAULT '1' COMMENT '1.仅本社团成员报名；2.允许非社团成员报名；',
  `allow_multi_groups` tinyint(1) NOT NULL DEFAULT '0' COMMENT '是否允许多社团参与； 0:不允许，1:允许',
  `qrcode` varchar(255) COLLATE utf8_bin DEFAULT NULL COMMENT '二维码base64编码',
  `join_cnt` int(5) NOT NULL DEFAULT '0' COMMENT '参与人数',
  `follow_cnt` int(5) NOT NULL DEFAULT '0' COMMENT '关注人数',
  `create_time` timestamp NOT NULL DEFAULT CURRENT_TIMESTAMP,
  `small_poster_img` varchar(2000) COLLATE utf8_bin DEFAULT NULL COMMENT '活动小海报，列表头部图片使用',
  `poster_img` varchar(255) COLLATE utf8_bin DEFAULT NULL COMMENT '活动海报',
  `content_imgs` varchar(1000) COLLATE utf8_bin DEFAULT NULL COMMENT '活动内容图片',
  `further` varchar(4000) COLLATE utf8_bin DEFAULT NULL COMMENT '扩展字段JSON格式存储',
  PRIMARY KEY (`id`)
) ENGINE=InnoDB DEFAULT CHARSET=utf8 COLLATE=utf8_bin ROW_FORMAT=COMPACT COMMENT='活动主表';

-- ----------------------------
--  Table structure for `group_category`
-- ----------------------------
DROP TABLE IF EXISTS `group_category`;
CREATE TABLE `group_category` (
  `id` int(11) NOT NULL,
  `category_name` varchar(255) COLLATE utf8_bin NOT NULL,
  `sort` tinyint(1) NOT NULL DEFAULT '0',
  `status` tinyint(1) NOT NULL DEFAULT '1' COMMENT '1有效2无效',
  PRIMARY KEY (`id`)
) ENGINE=InnoDB DEFAULT CHARSET=utf8 COLLATE=utf8_bin COMMENT='社团分类表';

-- ----------------------------
--  Records of `group_category`
-- ----------------------------
BEGIN;
INSERT INTO `group_category` VALUES ('1', '体育健身类', '1', '1'), ('2', '学术交流类', '2', '1'), ('3', '文化艺术类', '3', '1'), ('4', '公益实践类', '4', '1');
COMMIT;

-- ----------------------------
--  Table structure for `group_members`
-- ----------------------------
DROP TABLE IF EXISTS `group_members`;
CREATE TABLE `group_members` (
  `group_id` int(11) NOT NULL,
  `member_id` int(11) NOT NULL,
  `status` tinyint(1) NOT NULL COMMENT '1.审核通过；2.审核中；3.审核未通过',
  `memo` varchar(255) COLLATE utf8_bin DEFAULT NULL COMMENT '审核意见',
  `join_time` datetime NOT NULL DEFAULT CURRENT_TIMESTAMP,
  `is_president` tinyint(1) NOT NULL DEFAULT '2' COMMENT '1.是社长2.不是社长［社长审核通过后update］,临时用'
) ENGINE=InnoDB DEFAULT CHARSET=utf8 COLLATE=utf8_bin ROW_FORMAT=COMPACT COMMENT='社团成员表';

-- ----------------------------
--  Table structure for `groups`
-- ----------------------------
DROP TABLE IF EXISTS `groups`;
CREATE TABLE `groups` (
  `id` int(11) NOT NULL AUTO_INCREMENT,
  `school_id` int(11) NOT NULL,
  `school_name` varchar(255) COLLATE utf8_bin NOT NULL,
  `name` varchar(255) COLLATE utf8_bin NOT NULL,
  `category_id` varchar(255) COLLATE utf8_bin NOT NULL,
  `category_name` varchar(255) COLLATE utf8_bin NOT NULL,
  `slogan` varchar(255) COLLATE utf8_bin DEFAULT NULL,
  `description` varchar(2000) COLLATE utf8_bin DEFAULT NULL,
  `president_id` int(11) DEFAULT NULL COMMENT '社长user_id',
  `president_name` varchar(255) COLLATE utf8_bin DEFAULT NULL COMMENT '社长User_name',
  `logo_img_url` varchar(255) COLLATE utf8_bin DEFAULT NULL COMMENT '社团logo',
  `status` tinyint(1) NOT NULL DEFAULT '0' COMMENT '0.待认领（默认）；1.已认领；2.认领中；3.已停止',
  `cnt` int(11) NOT NULL DEFAULT '0' COMMENT '社团总人数，update更新',
  `join_time` datetime NOT NULL DEFAULT CURRENT_TIMESTAMP,
  `small_poster_img` varchar(255) COLLATE utf8_bin DEFAULT NULL,
  `poster_img` varchar(255) COLLATE utf8_bin DEFAULT NULL COMMENT '社团banner图',
  `content_imgs` varchar(500) COLLATE utf8_bin DEFAULT NULL COMMENT '社团介绍图片',
  `further` varchar(4000) COLLATE utf8_bin DEFAULT NULL COMMENT '扩展字段JSON存储',
  PRIMARY KEY (`id`)
) ENGINE=InnoDB AUTO_INCREMENT=467 DEFAULT CHARSET=utf8 COLLATE=utf8_bin ROW_FORMAT=COMPACT COMMENT='社团表';

-- ----------------------------
--  Records of `groups`
-- ----------------------------
BEGIN;
INSERT INTO `groups` VALUES ('1', '1', '上海工程技术大学', '悦媒社', '3', '文化艺术类', null, null, null, null, null, '0', '0', '2016-10-24 17:19:26', null, null, null, null), ('2', '1', '上海工程技术大学', 'Revival吉他社', '3', '文化艺术类', null, null, null, null, null, '0', '0', '2016-10-24 17:19:26', null, null, null, null), ('3', '1', '上海工程技术大学', '沪语社', '3', '文化艺术类', null, null, null, null, null, '0', '0', '2016-10-24 17:19:26', null, null, null, null), ('4', '1', '上海工程技术大学', 'Free-L街舞社', '3', '文化艺术类', null, null, null, null, null, '0', '0', '2016-10-24 17:19:26', null, null, null, null), ('5', '1', '上海工程技术大学', '未云文学社', '3', '文化艺术类', null, null, null, null, null, '0', '0', '2016-10-24 17:19:26', null, null, null, null), ('6', '1', '上海工程技术大学', '音乐社', '3', '文化艺术类', null, null, null, null, null, '0', '0', '2016-10-24 17:19:26', null, null, null, null), ('7', '1', '上海工程技术大学', '英语沙龙社', '3', '文化艺术类', null, null, null, null, null, '0', '0', '2016-10-24 17:19:26', null, null, null, null), ('8', '1', '上海工程技术大学', 'GeeK桌游社', '3', '文化艺术类', null, null, null, null, null, '0', '0', '2016-10-24 17:19:26', null, null, null, null), ('9', '1', '上海工程技术大学', '越爱粤语社', '3', '文化艺术类', null, null, null, null, null, '0', '0', '2016-10-24 17:19:26', null, null, null, null), ('10', '1', '上海工程技术大学', '中国特色理论研讨会', '3', '文化艺术类', null, null, null, null, null, '0', '0', '2016-10-24 17:19:26', null, null, null, null), ('11', '1', '上海工程技术大学', 'THS曳舞部落', '3', '文化艺术类', null, null, null, null, null, '0', '0', '2016-10-24 17:19:26', null, null, null, null), ('12', '1', '上海工程技术大学', '书法社', '3', '文化艺术类', null, null, null, null, null, '0', '0', '2016-10-24 17:19:27', null, null, null, null), ('13', '1', '上海工程技术大学', '瑾瑜汉服社', '3', '文化艺术类', null, null, null, null, null, '0', '0', '2016-10-24 17:19:27', null, null, null, null), ('14', '1', '上海工程技术大学', '手语社', '3', '文化艺术类', null, null, null, null, null, '0', '0', '2016-10-24 17:19:27', null, null, null, null), ('15', '1', '上海工程技术大学', 'fancy马天尼（调酒社）', '3', '文化艺术类', null, null, null, null, null, '0', '0', '2016-10-24 17:19:27', null, null, null, null), ('16', '1', '上海工程技术大学', '弈棋社', '3', '文化艺术类', null, null, null, null, null, '0', '0', '2016-10-24 17:19:27', null, null, null, null), ('17', '1', '上海工程技术大学', 'B-Box', '3', '文化艺术类', null, null, null, null, null, '0', '0', '2016-10-24 17:19:27', null, null, null, null), ('18', '1', '上海工程技术大学', '礼仪文化交流社', '3', '文化艺术类', null, null, null, null, null, '0', '0', '2016-10-24 17:19:27', null, null, null, null), ('19', '1', '上海工程技术大学', '民风民俗社', '3', '文化艺术类', null, null, null, null, null, '0', '0', '2016-10-24 17:19:27', null, null, null, null), ('20', '1', '上海工程技术大学', '魔术社', '3', '文化艺术类', null, null, null, null, null, '0', '0', '2016-10-24 17:19:27', null, null, null, null), ('21', '1', '上海工程技术大学', '辩论社', '3', '文化艺术类', null, null, null, null, null, '0', '0', '2016-10-24 17:19:27', null, null, null, null), ('22', '1', '上海工程技术大学', '茶艺社', '3', '文化艺术类', null, null, null, null, null, '0', '0', '2016-10-24 17:19:27', null, null, null, null), ('23', '1', '上海工程技术大学', '动漫社', '3', '文化艺术类', null, null, null, null, null, '0', '0', '2016-10-24 17:19:27', null, null, null, null), ('24', '1', '上海工程技术大学', 'Crave器乐社', '3', '文化艺术类', null, null, null, null, null, '0', '0', '2016-10-24 17:19:27', null, null, null, null), ('25', '1', '上海工程技术大学', 'MAX DJ社', '3', '文化艺术类', null, null, null, null, null, '0', '0', '2016-10-24 17:19:27', null, null, null, null), ('26', '1', '上海工程技术大学', '朗诵社', '3', '文化艺术类', null, null, null, null, null, '0', '0', '2016-10-24 17:19:27', null, null, null, null), ('27', '1', '上海工程技术大学', '国学社', '3', '文化艺术类', null, null, null, null, null, '0', '0', '2016-10-24 17:19:27', null, null, null, null), ('28', '1', '上海工程技术大学', 'Cwalk社', '3', '文化艺术类', null, null, null, null, null, '0', '0', '2016-10-24 17:19:27', null, null, null, null), ('29', '1', '上海工程技术大学', 'AEC美语文化社', '3', '文化艺术类', null, null, null, null, null, '0', '0', '2016-10-24 17:19:27', null, null, null, null), ('30', '1', '上海工程技术大学', '陶笛社', '3', '文化艺术类', null, null, null, null, null, '0', '0', '2016-10-24 17:19:27', null, null, null, null), ('31', '1', '上海工程技术大学', '自励演讲社', '3', '文化艺术类', null, null, null, null, null, '0', '0', '2016-10-24 17:19:27', null, null, null, null), ('32', '1', '上海工程技术大学', '推理社', '3', '文化艺术类', null, null, null, null, null, '0', '0', '2016-10-24 17:19:27', null, null, null, null), ('33', '1', '上海工程技术大学', 'Encore社', '3', '文化艺术类', null, null, null, null, null, '0', '0', '2016-10-24 17:19:27', null, null, null, null), ('34', '1', '上海工程技术大学', 'monster社', '3', '文化艺术类', null, null, null, null, null, '0', '0', '2016-10-24 17:19:27', null, null, null, null), ('35', '1', '上海工程技术大学', 'O&B尤克里里社', '3', '文化艺术类', null, null, null, null, null, '0', '0', '2016-10-24 17:19:27', null, null, null, null), ('36', '1', '上海工程技术大学', 'Crazy轮滑社', '1', '体育健身类', null, null, null, null, null, '0', '0', '2016-10-24 17:19:27', null, null, null, null), ('37', '1', '上海工程技术大学', '单车社', '1', '体育健身类', null, null, null, null, null, '0', '0', '2016-10-24 17:19:27', null, null, null, null), ('38', '1', '上海工程技术大学', '攀岩社', '1', '体育健身类', null, null, null, null, null, '0', '0', '2016-10-24 17:19:27', null, null, null, null), ('39', '1', '上海工程技术大学', '乒乓球社', '1', '体育健身类', null, null, null, null, null, '0', '0', '2016-10-24 17:19:27', null, null, null, null), ('40', '1', '上海工程技术大学', 'mans漂移板', '1', '体育健身类', null, null, null, null, null, '0', '0', '2016-10-24 17:19:27', null, null, null, null), ('41', '1', '上海工程技术大学', '橄榄球社', '1', '体育健身类', null, null, null, null, null, '0', '0', '2016-10-24 17:19:27', null, null, null, null), ('42', '1', '上海工程技术大学', '滑板社', '1', '体育健身类', null, null, null, null, null, '0', '0', '2016-10-24 17:19:27', null, null, null, null), ('43', '1', '上海工程技术大学', '滑冰社', '1', '体育健身类', null, null, null, null, null, '0', '0', '2016-10-24 17:19:27', null, null, null, null), ('44', '1', '上海工程技术大学', '飞盘社', '1', '体育健身类', null, null, null, null, null, '0', '0', '2016-10-24 17:19:27', null, null, null, null), ('45', '1', '上海工程技术大学', '极赟空手道社', '1', '体育健身类', null, null, null, null, null, '0', '0', '2016-10-24 17:19:27', null, null, null, null), ('46', '1', '上海工程技术大学', '体育舞蹈社', '1', '体育健身类', null, null, null, null, null, '0', '0', '2016-10-24 17:19:27', null, null, null, null), ('47', '1', '上海工程技术大学', '凯旋排球社', '1', '体育健身类', null, null, null, null, null, '0', '0', '2016-10-24 17:19:27', null, null, null, null), ('48', '1', '上海工程技术大学', '篮球社', '1', '体育健身类', null, null, null, null, null, '0', '0', '2016-10-24 17:19:27', null, null, null, null), ('49', '1', '上海工程技术大学', '跆拳道社', '1', '体育健身类', null, null, null, null, null, '0', '0', '2016-10-24 17:19:27', null, null, null, null), ('50', '1', '上海工程技术大学', '太极拳社', '1', '体育健身类', null, null, null, null, null, '0', '0', '2016-10-24 17:19:27', null, null, null, null), ('51', '1', '上海工程技术大学', '泰拳兄弟会', '1', '体育健身类', null, null, null, null, null, '0', '0', '2016-10-24 17:19:27', null, null, null, null), ('52', '1', '上海工程技术大学', '网球社', '1', '体育健身类', null, null, null, null, null, '0', '0', '2016-10-24 17:19:27', null, null, null, null), ('53', '1', '上海工程技术大学', '瑜伽社', '1', '体育健身类', null, null, null, null, null, '0', '0', '2016-10-24 17:19:27', null, null, null, null), ('54', '1', '上海工程技术大学', '羽毛球社', '1', '体育健身类', null, null, null, null, null, '0', '0', '2016-10-24 17:19:27', null, null, null, null), ('55', '1', '上海工程技术大学', '桌球社', '1', '体育健身类', null, null, null, null, null, '0', '0', '2016-10-24 17:19:27', null, null, null, null), ('56', '1', '上海工程技术大学', '足球社', '1', '体育健身类', null, null, null, null, null, '0', '0', '2016-10-24 17:19:27', null, null, null, null), ('57', '1', '上海工程技术大学', '剑道社', '1', '体育健身类', null, null, null, null, null, '0', '0', '2016-10-24 17:19:27', null, null, null, null), ('58', '1', '上海工程技术大学', '风筝社', '1', '体育健身类', null, null, null, null, null, '0', '0', '2016-10-24 17:19:27', null, null, null, null), ('59', '1', '上海工程技术大学', '游泳社', '1', '体育健身类', null, null, null, null, null, '0', '0', '2016-10-24 17:19:27', null, null, null, null), ('60', '1', '上海工程技术大学', '弓箭社', '1', '体育健身类', null, null, null, null, null, '0', '0', '2016-10-24 17:19:27', null, null, null, null), ('61', '1', '上海工程技术大学', '擒拿社', '1', '体育健身类', null, null, null, null, null, '0', '0', '2016-10-24 17:19:27', null, null, null, null), ('62', '1', '上海工程技术大学', '精武健身社', '1', '体育健身类', null, null, null, null, null, '0', '0', '2016-10-24 17:19:27', null, null, null, null), ('63', '1', '上海工程技术大学', '体适能社', '1', '体育健身类', null, null, null, null, null, '0', '0', '2016-10-24 17:19:27', null, null, null, null), ('64', '1', '上海工程技术大学', 'running man社', '1', '体育健身类', null, null, null, null, null, '0', '0', '2016-10-24 17:19:27', null, null, null, null), ('65', '1', '上海工程技术大学', '兵心社', '1', '体育健身类', null, null, null, null, null, '0', '0', '2016-10-24 17:19:27', null, null, null, null), ('66', '1', '上海工程技术大学', '舞龙社', '1', '体育健身类', null, null, null, null, null, '0', '0', '2016-10-24 17:19:27', null, null, null, null), ('67', '1', '上海工程技术大学', 'JST帆船社', '1', '体育健身类', null, null, null, null, null, '0', '0', '2016-10-24 17:19:27', null, null, null, null), ('68', '1', '上海工程技术大学', '艺教研究社', '4', '公益实践类', null, null, null, null, null, '0', '0', '2016-10-24 17:19:27', null, null, null, null), ('69', '1', '上海工程技术大学', '模拟联合国社', '4', '公益实践类', null, null, null, null, null, '0', '0', '2016-10-24 17:19:27', null, null, null, null), ('70', '1', '上海工程技术大学', '新闻中心记者团', '4', '公益实践类', null, null, null, null, null, '0', '0', '2016-10-24 17:19:27', null, null, null, null), ('71', '1', '上海工程技术大学', '根与芽社', '4', '公益实践类', null, null, null, null, null, '0', '0', '2016-10-24 17:19:27', null, null, null, null), ('72', '1', '上海工程技术大学', '手工艺术社', '4', '公益实践类', null, null, null, null, null, '0', '0', '2016-10-24 17:19:27', null, null, null, null), ('73', '1', '上海工程技术大学', '手绘社', '4', '公益实践类', null, null, null, null, null, '0', '0', '2016-10-24 17:19:27', null, null, null, null), ('74', '1', '上海工程技术大学', '涂鸦社', '4', '公益实践类', null, null, null, null, null, '0', '0', '2016-10-24 17:19:27', null, null, null, null), ('75', '1', '上海工程技术大学', '星空插画社', '4', '公益实践类', null, null, null, null, null, '0', '0', '2016-10-24 17:19:27', null, null, null, null), ('76', '1', '上海工程技术大学', 'I COM社', '4', '公益实践类', null, null, null, null, null, '0', '0', '2016-10-24 17:19:27', null, null, null, null), ('77', '1', '上海工程技术大学', '韩国印象', '4', '公益实践类', null, null, null, null, null, '0', '0', '2016-10-24 17:19:27', null, null, null, null), ('78', '1', '上海工程技术大学', '旅行社', '4', '公益实践类', null, null, null, null, null, '0', '0', '2016-10-24 17:19:27', null, null, null, null), ('79', '1', '上海工程技术大学', '拍拍部落', '4', '公益实践类', null, null, null, null, null, '0', '0', '2016-10-24 17:19:27', null, null, null, null), ('80', '1', '上海工程技术大学', 'Enactus社（原赛扶）', '4', '公益实践类', null, null, null, null, null, '0', '0', '2016-10-24 17:19:27', null, null, null, null), ('81', '1', '上海工程技术大学', '摄影社', '4', '公益实践类', null, null, null, null, null, '0', '0', '2016-10-24 17:19:27', null, null, null, null), ('82', '1', '上海工程技术大学', '食鉴社', '4', '公益实践类', null, null, null, null, null, '0', '0', '2016-10-24 17:19:27', null, null, null, null), ('83', '1', '上海工程技术大学', '21次方映画社', '4', '公益实践类', null, null, null, null, null, '0', '0', '2016-10-24 17:19:27', null, null, null, null), ('84', '1', '上海工程技术大学', 'Sprout环境社', '4', '公益实践类', null, null, null, null, null, '0', '0', '2016-10-24 17:19:27', null, null, null, null), ('85', '1', '上海工程技术大学', '创业理财社', '4', '公益实践类', null, null, null, null, null, '0', '0', '2016-10-24 17:19:27', null, null, null, null), ('86', '1', '上海工程技术大学', '策划师社', '4', '公益实践类', null, null, null, null, null, '0', '0', '2016-10-24 17:19:27', null, null, null, null), ('87', '1', '上海工程技术大学', '微笑工程大', '4', '公益实践类', null, null, null, null, null, '0', '0', '2016-10-24 17:19:27', null, null, null, null), ('88', '1', '上海工程技术大学', '疯狂跳蚤社', '4', '公益实践类', null, null, null, null, null, '0', '0', '2016-10-24 17:19:27', null, null, null, null), ('89', '1', '上海工程技术大学', '工程大留学权益社', '4', '公益实践类', null, null, null, null, null, '0', '0', '2016-10-24 17:19:27', null, null, null, null), ('90', '1', '上海工程技术大学', '杏林义工社', '4', '公益实践类', null, null, null, null, null, '0', '0', '2016-10-24 17:19:27', null, null, null, null), ('91', '1', '上海工程技术大学', '绿茵节能环保社', '4', '公益实践类', null, null, null, null, null, '0', '0', '2016-10-24 17:19:27', null, null, null, null), ('92', '1', '上海工程技术大学', '粮全其美社', '4', '公益实践类', null, null, null, null, null, '0', '0', '2016-10-24 17:19:27', null, null, null, null), ('93', '1', '上海工程技术大学', 'KAB创业俱乐部', '4', '公益实践类', null, null, null, null, null, '0', '0', '2016-10-24 17:19:27', null, null, null, null), ('94', '1', '上海工程技术大学', '刀笔油画社', '4', '公益实践类', null, null, null, null, null, '0', '0', '2016-10-24 17:19:27', null, null, null, null), ('95', '1', '上海工程技术大学', '职业生涯规划社', '4', '公益实践类', null, null, null, null, null, '0', '0', '2016-10-24 17:19:27', null, null, null, null), ('96', '1', '上海工程技术大学', 'Ii 烘焙社', '4', '公益实践类', null, null, null, null, null, '0', '0', '2016-10-24 17:19:28', null, null, null, null), ('97', '1', '上海工程技术大学', '魔方社', '2', '学术交流类', null, null, null, null, null, '0', '0', '2016-10-24 17:19:28', null, null, null, null), ('98', '1', '上海工程技术大学', '天文社', '2', '学术交流类', null, null, null, null, null, '0', '0', '2016-10-24 17:19:28', null, null, null, null), ('99', '1', '上海工程技术大学', 'Max模型社', '2', '学术交流类', null, null, null, null, null, '0', '0', '2016-10-24 17:19:28', null, null, null, null), ('100', '1', '上海工程技术大学', 'OM创意联盟', '2', '学术交流类', null, null, null, null, null, '0', '0', '2016-10-24 17:19:28', null, null, null, null), ('101', '1', '上海工程技术大学', 'PS软件社', '2', '学术交流类', null, null, null, null, null, '0', '0', '2016-10-24 17:19:28', null, null, null, null), ('102', '1', '上海工程技术大学', '5C科幻社', '2', '学术交流类', null, null, null, null, null, '0', '0', '2016-10-24 17:19:28', null, null, null, null), ('103', '1', '上海工程技术大学', '数学建模社', '2', '学术交流类', null, null, null, null, null, '0', '0', '2016-10-24 17:19:28', null, null, null, null), ('104', '1', '上海工程技术大学', '军迷社', '2', '学术交流类', null, null, null, null, null, '0', '0', '2016-10-24 17:19:28', null, null, null, null), ('105', '1', '上海工程技术大学', 'CG社', '2', '学术交流类', null, null, null, null, null, '0', '0', '2016-10-24 17:19:28', null, null, null, null), ('106', '1', '上海工程技术大学', 'AM互联网奇迹', '2', '学术交流类', null, null, null, null, null, '0', '0', '2016-10-24 17:19:28', null, null, null, null), ('107', '1', '上海工程技术大学', '书友社', '2', '学术交流类', null, null, null, null, null, '0', '0', '2016-10-24 17:19:28', null, null, null, null), ('108', '1', '上海工程技术大学', '创客', '2', '学术交流类', null, null, null, null, null, '0', '0', '2016-10-24 17:19:28', null, null, null, null), ('109', '1', '上海工程技术大学', 'rc车模社', '2', '学术交流类', null, null, null, null, null, '0', '0', '2016-10-24 17:19:28', null, null, null, null), ('110', '1', '上海工程技术大学', '车迷社', '2', '学术交流类', null, null, null, null, null, '0', '0', '2016-10-24 17:19:28', null, null, null, null), ('111', '1', '上海工程技术大学', '高分子社', '2', '学术交流类', null, null, null, null, null, '0', '0', '2016-10-24 17:19:28', null, null, null, null), ('112', '1', '上海工程技术大学', '航模社', '2', '学术交流类', null, null, null, null, null, '0', '0', '2016-10-24 17:19:28', null, null, null, null), ('113', '1', '上海工程技术大学', '计算机社', '2', '学术交流类', null, null, null, null, null, '0', '0', '2016-10-24 17:19:28', null, null, null, null), ('114', '1', '上海工程技术大学', '精细化工社', '2', '学术交流类', null, null, null, null, null, '0', '0', '2016-10-24 17:19:28', null, null, null, null), ('115', '1', '上海工程技术大学', '礼仪表演社', '2', '学术交流类', null, null, null, null, null, '0', '0', '2016-10-24 17:19:28', null, null, null, null), ('116', '1', '上海工程技术大学', '制药工程社', '2', '学术交流类', null, null, null, null, null, '0', '0', '2016-10-24 17:19:28', null, null, null, null), ('117', '1', '上海工程技术大学', '飞行模拟社', '2', '学术交流类', null, null, null, null, null, '0', '0', '2016-10-24 17:19:28', null, null, null, null), ('118', '1', '上海工程技术大学', '辅仁学社', '2', '学术交流类', null, null, null, null, null, '0', '0', '2016-10-24 17:19:28', null, null, null, null), ('119', '1', '上海工程技术大学', '地铁爱好者协会', '2', '学术交流类', null, null, null, null, null, '0', '0', '2016-10-24 17:19:28', null, null, null, null), ('120', '1', '上海工程技术大学', '服装创意设计工坊', '2', '学术交流类', null, null, null, null, null, '0', '0', '2016-10-24 17:19:28', null, null, null, null), ('121', '1', '上海工程技术大学', '电子社', '2', '学术交流类', null, null, null, null, null, '0', '0', '2016-10-24 17:19:28', null, null, null, null), ('122', '1', '上海工程技术大学', 'DI创意工坊', '2', '学术交流类', null, null, null, null, null, '0', '0', '2016-10-24 17:19:28', null, null, null, null), ('123', '1', '上海工程技术大学', '艺术设计协会', '2', '学术交流类', null, null, null, null, null, '0', '0', '2016-10-24 17:19:28', null, null, null, null), ('124', '1', '上海工程技术大学', '艺术文化交流考察', '2', '学术交流类', null, null, null, null, null, '0', '0', '2016-10-24 17:19:28', null, null, null, null), ('125', '2', '上海立信会计学院', '秋石印社', '2', '学术交流类', null, null, null, null, null, '0', '0', '2016-10-24 17:19:28', null, null, null, null), ('126', '2', '上海立信会计学院', '读书协会', '2', '学术交流类', null, null, null, null, null, '0', '0', '2016-10-24 17:19:28', null, null, null, null), ('127', '2', '上海立信会计学院', '易衡书社', '2', '学术交流类', null, null, null, null, null, '0', '0', '2016-10-24 17:19:28', null, null, null, null), ('128', '2', '上海立信会计学院', '三个代表重要思想理论研讨会', '2', '学术交流类', null, null, null, null, null, '0', '0', '2016-10-24 17:19:28', null, null, null, null), ('129', '2', '上海立信会计学院', '海棠诗社', '2', '学术交流类', null, null, null, null, null, '0', '0', '2016-10-24 17:19:28', null, null, null, null), ('130', '2', '上海立信会计学院', '呐喊文学社', '2', '学术交流类', null, null, null, null, null, '0', '0', '2016-10-24 17:19:28', null, null, null, null), ('131', '2', '上海立信会计学院', '史学社', '2', '学术交流类', null, null, null, null, null, '0', '0', '2016-10-24 17:19:28', null, null, null, null), ('132', '2', '上海立信会计学院', '魔都会', '2', '学术交流类', null, null, null, null, null, '0', '0', '2016-10-24 17:19:28', null, null, null, null), ('133', '2', '上海立信会计学院', '陶行知学习研究会', '2', '学术交流类', null, null, null, null, null, '0', '0', '2016-10-24 17:19:28', null, null, null, null), ('134', '2', '上海立信会计学院', '国学社', '2', '学术交流类', null, null, null, null, null, '0', '0', '2016-10-24 17:19:28', null, null, null, null), ('135', '2', '上海立信会计学院', '兰芷之室法学社', '2', '学术交流类', null, null, null, null, null, '0', '0', '2016-10-24 17:19:28', null, null, null, null), ('136', '2', '上海立信会计学院', '哲学社', '2', '学术交流类', null, null, null, null, null, '0', '0', '2016-10-24 17:19:28', null, null, null, null), ('137', '2', '上海立信会计学院', '德鲁克青年协会', '2', '学术交流类', null, null, null, null, null, '0', '0', '2016-10-24 17:19:28', null, null, null, null), ('138', '2', '上海立信会计学院', '中国特色社会主义研究会', '2', '学术交流类', null, null, null, null, null, '0', '0', '2016-10-24 17:19:28', null, null, null, null), ('139', '2', '上海立信会计学院', '英语协会', '2', '学术交流类', null, null, null, null, null, '0', '0', '2016-10-24 17:19:28', null, null, null, null), ('140', '2', '上海立信会计学院', '经济管理协会', '2', '学术交流类', null, null, null, null, null, '0', '0', '2016-10-24 17:19:28', null, null, null, null), ('141', '2', '上海立信会计学院', '环球英美社', '2', '学术交流类', null, null, null, null, null, '0', '0', '2016-10-24 17:19:28', null, null, null, null), ('142', '2', '上海立信会计学院', '左岸法语社', '2', '学术交流类', null, null, null, null, null, '0', '0', '2016-10-24 17:19:28', null, null, null, null), ('143', '2', '上海立信会计学院', '行思辩论社', '2', '学术交流类', null, null, null, null, null, '0', '0', '2016-10-24 17:19:28', null, null, null, null), ('144', '2', '上海立信会计学院', '金典书友会', '2', '学术交流类', null, null, null, null, null, '0', '0', '2016-10-24 17:19:28', null, null, null, null), ('145', '2', '上海立信会计学院', '韩IN社', '2', '学术交流类', null, null, null, null, null, '0', '0', '2016-10-24 17:19:28', null, null, null, null), ('146', '2', '上海立信会计学院', '地心引力地理', '2', '学术交流类', null, null, null, null, null, '0', '0', '2016-10-24 17:19:28', null, null, null, null), ('147', '2', '上海立信会计学院', 'Bazinga屋里社', '2', '学术交流类', null, null, null, null, null, '0', '0', '2016-10-24 17:19:28', null, null, null, null), ('148', '2', '上海立信会计学院', 'EMA金融数学社', '2', '学术交流类', null, null, null, null, null, '0', '0', '2016-10-24 17:19:28', null, null, null, null), ('149', '2', '上海立信会计学院', '疯狂科学社', '2', '学术交流类', null, null, null, null, null, '0', '0', '2016-10-24 17:19:28', null, null, null, null), ('150', '2', '上海立信会计学院', '程序设计协会', '2', '学术交流类', null, null, null, null, null, '0', '0', '2016-10-24 17:19:28', null, null, null, null), ('151', '2', '上海立信会计学院', '机器人协会', '2', '学术交流类', null, null, null, null, null, '0', '0', '2016-10-24 17:19:28', null, null, null, null), ('152', '2', '上海立信会计学院', '电子爱好者协会', '2', '学术交流类', null, null, null, null, null, '0', '0', '2016-10-24 17:19:28', null, null, null, null), ('153', '2', '上海立信会计学院', '未来工程师', '2', '学术交流类', null, null, null, null, null, '0', '0', '2016-10-24 17:19:28', null, null, null, null), ('154', '2', '上海立信会计学院', '电子爱好者协会', '2', '学术交流类', null, null, null, null, null, '0', '0', '2016-10-24 17:19:28', null, null, null, null), ('155', '2', '上海立信会计学院', '未来工程师', '2', '学术交流类', null, null, null, null, null, '0', '0', '2016-10-24 17:19:28', null, null, null, null), ('156', '2', '上海立信会计学院', 'Skynet天文社', '2', '学术交流类', null, null, null, null, null, '0', '0', '2016-10-24 17:19:28', null, null, null, null), ('157', '2', '上海立信会计学院', '日语同好协会', '2', '学术交流类', null, null, null, null, null, '0', '0', '2016-10-24 17:19:28', null, null, null, null), ('158', '2', '上海立信会计学院', 'DH工作室', '2', '学术交流类', null, null, null, null, null, '0', '0', '2016-10-24 17:19:28', null, null, null, null), ('159', '2', '上海立信会计学院', '高校会展精英工作室', '2', '学术交流类', null, null, null, null, null, '0', '0', '2016-10-24 17:19:28', null, null, null, null), ('160', '2', '上海立信会计学院', '计算机义务维修团', '4', '公益实践类', null, null, null, null, null, '0', '0', '2016-10-24 17:19:28', null, null, null, null), ('161', '2', '上海立信会计学院', '指尖之舞手语社', '4', '公益实践类', null, null, null, null, null, '0', '0', '2016-10-24 17:19:28', null, null, null, null), ('162', '2', '上海立信会计学院', '支农调研社', '4', '公益实践类', null, null, null, null, null, '0', '0', '2016-10-24 17:19:28', null, null, null, null), ('163', '2', '上海立信会计学院', 'ENACTUS创行协会', '4', '公益实践类', null, null, null, null, null, '0', '0', '2016-10-24 17:19:28', null, null, null, null), ('164', '2', '上海立信会计学院', '城市小组', '4', '公益实践类', null, null, null, null, null, '0', '0', '2016-10-24 17:19:28', null, null, null, null), ('165', '2', '上海立信会计学院', '女儿社', '4', '公益实践类', null, null, null, null, null, '0', '0', '2016-10-24 17:19:28', null, null, null, null), ('166', '2', '上海立信会计学院', '融金社', '4', '公益实践类', null, null, null, null, null, '0', '0', '2016-10-24 17:19:28', null, null, null, null), ('167', '2', '上海立信会计学院', '达闻电视新闻工作室', '4', '公益实践类', null, null, null, null, null, '0', '0', '2016-10-24 17:19:28', null, null, null, null), ('168', '2', '上海立信会计学院', '心灵之友', '4', '公益实践类', null, null, null, null, null, '0', '0', '2016-10-24 17:19:28', null, null, null, null), ('169', '2', '上海立信会计学院', '学思创业协会', '4', '公益实践类', null, null, null, null, null, '0', '0', '2016-10-24 17:19:28', null, null, null, null), ('170', '2', '上海立信会计学院', '蓝色海', '4', '公益实践类', null, null, null, null, null, '0', '0', '2016-10-24 17:19:28', null, null, null, null), ('171', '2', '上海立信会计学院', '美食社', '4', '公益实践类', null, null, null, null, null, '0', '0', '2016-10-24 17:19:28', null, null, null, null), ('172', '2', '上海立信会计学院', '悠游旅游协会', '4', '公益实践类', null, null, null, null, null, '0', '0', '2016-10-24 17:19:28', null, null, null, null), ('173', '2', '上海立信会计学院', '贝克街侦探社', '4', '公益实践类', null, null, null, null, null, '0', '0', '2016-10-24 17:19:28', null, null, null, null), ('174', '2', '上海立信会计学院', '景深社', '4', '公益实践类', null, null, null, null, null, '0', '0', '2016-10-24 17:19:28', null, null, null, null), ('175', '2', '上海立信会计学院', 'IDEA精英汇', '4', '公益实践类', null, null, null, null, null, '0', '0', '2016-10-24 17:19:28', null, null, null, null), ('176', '2', '上海立信会计学院', '园趣社', '4', '公益实践类', null, null, null, null, null, '0', '0', '2016-10-24 17:19:28', null, null, null, null), ('177', '2', '上海立信会计学院', '领路人职业发展协会', '4', '公益实践类', null, null, null, null, null, '0', '0', '2016-10-24 17:19:28', null, null, null, null), ('178', '2', '上海立信会计学院', '花艺社', '4', '公益实践类', null, null, null, null, null, '0', '0', '2016-10-24 17:19:28', null, null, null, null), ('179', '2', '上海立信会计学院', '织知堂', '4', '公益实践类', null, null, null, null, null, '0', '0', '2016-10-24 17:19:28', null, null, null, null), ('180', '2', '上海立信会计学院', '美丽人身', '4', '公益实践类', null, null, null, null, null, '0', '0', '2016-10-24 17:19:28', null, null, null, null), ('181', '2', '上海立信会计学院', 'Fresh电影社', '4', '公益实践类', null, null, null, null, null, '0', '0', '2016-10-24 17:19:28', null, null, null, null), ('182', '2', '上海立信会计学院', '创意空间', '4', '公益实践类', null, null, null, null, null, '0', '0', '2016-10-24 17:19:28', null, null, null, null), ('183', '2', '上海立信会计学院', '上海市公共关系协会', '4', '公益实践类', null, null, null, null, null, '0', '0', '2016-10-24 17:19:28', null, null, null, null), ('184', '2', '上海立信会计学院', '职业发展协会', '4', '公益实践类', null, null, null, null, null, '0', '0', '2016-10-24 17:19:28', null, null, null, null), ('185', '2', '上海立信会计学院', '创意空间', '4', '公益实践类', null, null, null, null, null, '0', '0', '2016-10-24 17:19:28', null, null, null, null), ('186', '2', '上海立信会计学院', 'Freedom语言交换社', '4', '公益实践类', null, null, null, null, null, '0', '0', '2016-10-24 17:19:28', null, null, null, null), ('187', '2', '上海立信会计学院', '海派文化', '4', '公益实践类', null, null, null, null, null, '0', '0', '2016-10-24 17:19:28', null, null, null, null), ('188', '2', '上海立信会计学院', '中国画社', '3', '文化艺术类', null, null, null, null, null, '0', '0', '2016-10-24 17:19:28', null, null, null, null), ('189', '2', '上海立信会计学院', '创意简笔画社', '3', '文化艺术类', null, null, null, null, null, '0', '0', '2016-10-24 17:19:28', null, null, null, null), ('190', '2', '上海立信会计学院', '楼兰剧社', '3', '文化艺术类', null, null, null, null, null, '0', '0', '2016-10-24 17:19:28', null, null, null, null), ('191', '2', '上海立信会计学院', '音乐之声', '3', '文化艺术类', null, null, null, null, null, '0', '0', '2016-10-24 17:19:28', null, null, null, null), ('192', '2', '上海立信会计学院', '匹诺曹木偶工坊', '3', '文化艺术类', null, null, null, null, null, '0', '0', '2016-10-24 17:19:28', null, null, null, null), ('193', '2', '上海立信会计学院', '学前舞道社', '3', '文化艺术类', null, null, null, null, null, '0', '0', '2016-10-24 17:19:28', null, null, null, null), ('194', '2', '上海立信会计学院', '莎士比亚配音社', '3', '文化艺术类', null, null, null, null, null, '0', '0', '2016-10-24 17:19:28', null, null, null, null), ('195', '2', '上海立信会计学院', 'MUSIC-ZONE吉他社', '3', '文化艺术类', null, null, null, null, null, '0', '0', '2016-10-24 17:19:28', null, null, null, null), ('196', '2', '上海立信会计学院', '弹指吉他社', '3', '文化艺术类', null, null, null, null, null, '0', '0', '2016-10-24 17:19:28', null, null, null, null), ('197', '2', '上海立信会计学院', 'PC舞社', '3', '文化艺术类', null, null, null, null, null, '0', '0', '2016-10-24 17:19:28', null, null, null, null), ('198', '2', '上海立信会计学院', '漫革社', '3', '文化艺术类', null, null, null, null, null, '0', '0', '2016-10-24 17:19:28', null, null, null, null), ('199', '2', '上海立信会计学院', '韩文化社', '3', '文化艺术类', null, null, null, null, null, '0', '0', '2016-10-24 17:19:28', null, null, null, null), ('200', '2', '上海立信会计学院', '伯乐合唱团', '3', '文化艺术类', null, null, null, null, null, '0', '0', '2016-10-24 17:19:28', null, null, null, null), ('201', '2', '上海立信会计学院', '国标舞社', '3', '文化艺术类', null, null, null, null, null, '0', '0', '2016-10-24 17:19:28', null, null, null, null), ('202', '2', '上海立信会计学院', '朗诵社', '3', '文化艺术类', null, null, null, null, null, '0', '0', '2016-10-24 17:19:28', null, null, null, null), ('203', '2', '上海立信会计学院', 'D&T街舞社', '3', '文化艺术类', null, null, null, null, null, '0', '0', '2016-10-24 17:19:28', null, null, null, null), ('204', '2', '上海立信会计学院', 'AS动漫协会', '3', '文化艺术类', null, null, null, null, null, '0', '0', '2016-10-24 17:19:29', null, null, null, null), ('205', '2', '上海立信会计学院', 'Scream音乐协会', '3', '文化艺术类', null, null, null, null, null, '0', '0', '2016-10-24 17:19:29', null, null, null, null), ('206', '2', '上海立信会计学院', '汉服社', '3', '文化艺术类', null, null, null, null, null, '0', '0', '2016-10-24 17:19:29', null, null, null, null), ('207', '2', '上海立信会计学院', 'Double girl舞社', '3', '文化艺术类', null, null, null, null, null, '0', '0', '2016-10-24 17:19:29', null, null, null, null), ('208', '2', '上海立信会计学院', '明粤社', '3', '文化艺术类', null, null, null, null, null, '0', '0', '2016-10-24 17:19:29', null, null, null, null), ('209', '2', '上海立信会计学院', '跆拳道协会', '1', '体育健身类', null, null, null, null, null, '0', '0', '2016-10-24 17:19:29', null, null, null, null), ('210', '2', '上海立信会计学院', '石上户外运动协会', '1', '体育健身类', null, null, null, null, null, '0', '0', '2016-10-24 17:19:29', null, null, null, null), ('211', '2', '上海立信会计学院', '尤斯羽毛球社', '1', '体育健身类', null, null, null, null, null, '0', '0', '2016-10-24 17:19:29', null, null, null, null), ('212', '2', '上海立信会计学院', '网球协会', '1', '体育健身类', null, null, null, null, null, '0', '0', '2016-10-24 17:19:29', null, null, null, null), ('213', '2', '上海立信会计学院', 'Vanvan瑜伽社', '1', '体育健身类', null, null, null, null, null, '0', '0', '2016-10-24 17:19:29', null, null, null, null), ('214', '2', '上海立信会计学院', '空手道社', '1', '体育健身类', null, null, null, null, null, '0', '0', '2016-10-24 17:19:29', null, null, null, null), ('215', '2', '上海立信会计学院', '截棍堂', '1', '体育健身类', null, null, null, null, null, '0', '0', '2016-10-24 17:19:29', null, null, null, null), ('216', '2', '上海立信会计学院', '乒乓球社', '1', '体育健身类', null, null, null, null, null, '0', '0', '2016-10-24 17:19:29', null, null, null, null), ('217', '2', '上海立信会计学院', '台球社', '1', '体育健身类', null, null, null, null, null, '0', '0', '2016-10-24 17:19:29', null, null, null, null), ('218', '2', '上海立信会计学院', '篮球社', '1', '体育健身类', null, null, null, null, null, '0', '0', '2016-10-24 17:19:29', null, null, null, null), ('219', '2', '上海立信会计学院', '女子防身术社', '1', '体育健身类', null, null, null, null, null, '0', '0', '2016-10-24 17:19:29', null, null, null, null), ('220', '2', '上海立信会计学院', '极速赛车社', '1', '体育健身类', null, null, null, null, null, '0', '0', '2016-10-24 17:19:29', null, null, null, null), ('221', '2', '上海立信会计学院', 'SHNU热血竞技同盟', '1', '体育健身类', null, null, null, null, null, '0', '0', '2016-10-24 17:19:29', null, null, null, null), ('222', '2', '上海立信会计学院', 'QT桌游社', '1', '体育健身类', null, null, null, null, null, '0', '0', '2016-10-24 17:19:29', null, null, null, null), ('223', '2', '上海立信会计学院', '中华武术社', '1', '体育健身类', null, null, null, null, null, '0', '0', '2016-10-24 17:19:29', null, null, null, null), ('224', '2', '上海立信会计学院', '扇艺社', '1', '体育健身类', null, null, null, null, null, '0', '0', '2016-10-24 17:19:29', null, null, null, null), ('225', '2', '上海立信会计学院', '排球协会', '1', '体育健身类', null, null, null, null, null, '0', '0', '2016-10-24 17:19:29', null, null, null, null), ('226', '2', '上海立信会计学院', '太极韵社', '1', '体育健身类', null, null, null, null, null, '0', '0', '2016-10-24 17:19:29', null, null, null, null), ('227', '2', '上海立信会计学院', 'WE独轮社', '1', '体育健身类', null, null, null, null, null, '0', '0', '2016-10-24 17:19:29', null, null, null, null), ('228', '2', '上海立信会计学院', '排球协会', '1', '体育健身类', null, null, null, null, null, '0', '0', '2016-10-24 17:19:29', null, null, null, null), ('229', '2', '上海立信会计学院', '樱花剑道社', '1', '体育健身类', null, null, null, null, null, '0', '0', '2016-10-24 17:19:29', null, null, null, null), ('230', '2', '上海立信会计学院', '空竹社', '1', '体育健身类', null, null, null, null, null, '0', '0', '2016-10-24 17:19:29', null, null, null, null), ('231', '3', '上海对外经贸大学', '法语俱乐部', '2', '学术交流类', null, null, null, null, null, '0', '0', '2016-10-24 17:19:29', null, null, null, null), ('232', '3', '上海对外经贸大学', 'CA计算机协会', '2', '学术交流类', null, null, null, null, null, '0', '0', '2016-10-24 17:19:29', null, null, null, null), ('233', '3', '上海对外经贸大学', '经济研究协会', '2', '学术交流类', null, null, null, null, null, '0', '0', '2016-10-24 17:19:29', null, null, null, null), ('234', '3', '上海对外经贸大学', '天 文 协 会', '2', '学术交流类', null, null, null, null, null, '0', '0', '2016-10-24 17:19:29', null, null, null, null), ('235', '3', '上海对外经贸大学', '投资实战社', '2', '学术交流类', null, null, null, null, null, '0', '0', '2016-10-24 17:19:29', null, null, null, null), ('236', '3', '上海对外经贸大学', '英语俱乐部', '2', '学术交流类', null, null, null, null, null, '0', '0', '2016-10-24 17:19:29', null, null, null, null), ('237', '3', '上海对外经贸大学', '会展策划实践社', '2', '学术交流类', null, null, null, null, null, '0', '0', '2016-10-24 17:19:29', null, null, null, null), ('238', '3', '上海对外经贸大学', '思渊书友会', '2', '学术交流类', null, null, null, null, null, '0', '0', '2016-10-24 17:19:29', null, null, null, null), ('239', '3', '上海对外经贸大学', 'freebird日语社', '2', '学术交流类', null, null, null, null, null, '0', '0', '2016-10-24 17:19:29', null, null, null, null), ('240', '3', '上海对外经贸大学', '推理协会', '2', '学术交流类', null, null, null, null, null, '0', '0', '2016-10-24 17:19:29', null, null, null, null), ('241', '3', '上海对外经贸大学', '金融研究学会', '2', '学术交流类', null, null, null, null, null, '0', '0', '2016-10-24 17:19:29', null, null, null, null), ('242', '3', '上海对外经贸大学', '格物调研协会', '2', '学术交流类', null, null, null, null, null, '0', '0', '2016-10-24 17:19:29', null, null, null, null), ('243', '3', '上海对外经贸大学', '粤音社', '2', '学术交流类', null, null, null, null, null, '0', '0', '2016-10-24 17:19:29', null, null, null, null), ('244', '3', '上海对外经贸大学', '国学社', '2', '学术交流类', null, null, null, null, null, '0', '0', '2016-10-24 17:19:29', null, null, null, null), ('245', '3', '上海对外经贸大学', 'ACCA CLUB', '2', '学术交流类', null, null, null, null, null, '0', '0', '2016-10-24 17:19:29', null, null, null, null), ('246', '3', '上海对外经贸大学', '海比天蓝DV制作社', '3', '文化艺术类', null, null, null, null, null, '0', '0', '2016-10-24 17:19:29', null, null, null, null), ('247', '3', '上海对外经贸大学', '黑眼睛文学社', '3', '文化艺术类', null, null, null, null, null, '0', '0', '2016-10-24 17:19:29', null, null, null, null), ('248', '3', '上海对外经贸大学', '五月话剧社', '3', '文化艺术类', null, null, null, null, null, '0', '0', '2016-10-24 17:19:29', null, null, null, null), ('249', '3', '上海对外经贸大学', '爱琴海吉他社', '3', '文化艺术类', null, null, null, null, null, '0', '0', '2016-10-24 17:19:29', null, null, null, null), ('250', '3', '上海对外经贸大学', '电影艺术协会', '3', '文化艺术类', null, null, null, null, null, '0', '0', '2016-10-24 17:19:29', null, null, null, null), ('251', '3', '上海对外经贸大学', '原创音乐协会', '3', '文化艺术类', null, null, null, null, null, '0', '0', '2016-10-24 17:19:29', null, null, null, null), ('252', '3', '上海对外经贸大学', '涩女郎手绣坊', '3', '文化艺术类', null, null, null, null, null, '0', '0', '2016-10-24 17:19:29', null, null, null, null), ('253', '3', '上海对外经贸大学', '食 尚 社', '3', '文化艺术类', null, null, null, null, null, '0', '0', '2016-10-24 17:19:29', null, null, null, null), ('254', '3', '上海对外经贸大学', '尚美协会', '3', '文化艺术类', null, null, null, null, null, '0', '0', '2016-10-24 17:19:29', null, null, null, null), ('255', '3', '上海对外经贸大学', 'FM魔术社', '3', '文化艺术类', null, null, null, null, null, '0', '0', '2016-10-24 17:19:30', null, null, null, null), ('256', '3', '上海对外经贸大学', '韩绎社', '3', '文化艺术类', null, null, null, null, null, '0', '0', '2016-10-24 17:19:30', null, null, null, null), ('257', '3', '上海对外经贸大学', '主音钢琴社', '3', '文化艺术类', null, null, null, null, null, '0', '0', '2016-10-24 17:19:30', null, null, null, null), ('258', '3', '上海对外经贸大学', '恋声癖广播剧社', '3', '文化艺术类', null, null, null, null, null, '0', '0', '2016-10-24 17:19:30', null, null, null, null), ('259', '3', '上海对外经贸大学', '岚韵戏曲社', '3', '文化艺术类', null, null, null, null, null, '0', '0', '2016-10-24 17:19:30', null, null, null, null), ('260', '3', '上海对外经贸大学', '菲林摄影社', '3', '文化艺术类', null, null, null, null, null, '0', '0', '2016-10-24 17:19:30', null, null, null, null), ('261', '3', '上海对外经贸大学', '尚雅社', '3', '文化艺术类', null, null, null, null, null, '0', '0', '2016-10-24 17:19:30', null, null, null, null), ('262', '3', '上海对外经贸大学', '自由轴心动漫社', '3', '文化艺术类', null, null, null, null, null, '0', '0', '2016-10-24 17:19:30', null, null, null, null), ('263', '3', '上海对外经贸大学', '驰迷社', '3', '文化艺术类', null, null, null, null, null, '0', '0', '2016-10-24 17:19:30', null, null, null, null), ('264', '3', '上海对外经贸大学', 'Street Cool嘻哈社', '3', '文化艺术类', null, null, null, null, null, '0', '0', '2016-10-24 17:19:30', null, null, null, null), ('265', '3', '上海对外经贸大学', '久游远足社', '1', '体育健身类', null, null, null, null, null, '0', '0', '2016-10-24 17:19:30', null, null, null, null), ('266', '3', '上海对外经贸大学', '剑道协会', '1', '体育健身类', null, null, null, null, null, '0', '0', '2016-10-24 17:19:30', null, null, null, null), ('267', '3', '上海对外经贸大学', '空手道协会', '1', '体育健身类', null, null, null, null, null, '0', '0', '2016-10-24 17:19:30', null, null, null, null), ('268', '3', '上海对外经贸大学', '跆拳道协会', '1', '体育健身类', null, null, null, null, null, '0', '0', '2016-10-24 17:19:30', null, null, null, null), ('269', '3', '上海对外经贸大学', '舞道社', '1', '体育健身类', null, null, null, null, null, '0', '0', '2016-10-24 17:19:30', null, null, null, null), ('270', '3', '上海对外经贸大学', '棋牌社', '1', '体育健身类', null, null, null, null, null, '0', '0', '2016-10-24 17:19:30', null, null, null, null), ('271', '3', '上海对外经贸大学', '排球社', '1', '体育健身类', null, null, null, null, null, '0', '0', '2016-10-24 17:19:30', null, null, null, null), ('272', '3', '上海对外经贸大学', '乒乓社', '1', '体育健身类', null, null, null, null, null, '0', '0', '2016-10-24 17:19:30', null, null, null, null), ('273', '3', '上海对外经贸大学', '十二码足球社', '1', '体育健身类', null, null, null, null, null, '0', '0', '2016-10-24 17:19:30', null, null, null, null), ('274', '3', '上海对外经贸大学', 'SK棒垒球社', '1', '体育健身类', null, null, null, null, null, '0', '0', '2016-10-24 17:19:30', null, null, null, null), ('275', '3', '上海对外经贸大学', '网球社', '1', '体育健身类', null, null, null, null, null, '0', '0', '2016-10-24 17:19:30', null, null, null, null), ('276', '3', '上海对外经贸大学', '羽毛球社', '1', '体育健身类', null, null, null, null, null, '0', '0', '2016-10-24 17:19:30', null, null, null, null), ('277', '3', '上海对外经贸大学', '瑜伽社', '1', '体育健身类', null, null, null, null, null, '0', '0', '2016-10-24 17:19:30', null, null, null, null), ('278', '3', '上海对外经贸大学', 'Long-wind轮舞族', '1', '体育健身类', null, null, null, null, null, '0', '0', '2016-10-24 17:19:30', null, null, null, null), ('279', '3', '上海对外经贸大学', '悦舞社', '1', '体育健身类', null, null, null, null, null, '0', '0', '2016-10-24 17:19:30', null, null, null, null), ('280', '3', '上海对外经贸大学', '147桌球社', '1', '体育健身类', null, null, null, null, null, '0', '0', '2016-10-24 17:19:30', null, null, null, null), ('281', '3', '上海对外经贸大学', '高尔夫球社', '1', '体育健身类', null, null, null, null, null, '0', '0', '2016-10-24 17:19:30', null, null, null, null), ('282', '3', '上海对外经贸大学', '“水元素”游泳社', '1', '体育健身类', null, null, null, null, null, '0', '0', '2016-10-24 17:19:30', null, null, null, null), ('283', '3', '上海对外经贸大学', 'NOVA冰团', '1', '体育健身类', null, null, null, null, null, '0', '0', '2016-10-24 17:19:30', null, null, null, null), ('284', '3', '上海对外经贸大学', '合气道协会', '1', '体育健身类', null, null, null, null, null, '0', '0', '2016-10-24 17:19:30', null, null, null, null), ('285', '3', '上海对外经贸大学', 'Kia Kaha上海外贸男篮社', '1', '体育健身类', null, null, null, null, null, '0', '0', '2016-10-24 17:19:30', null, null, null, null), ('286', '3', '上海对外经贸大学', '冰壶俱乐部', '1', '体育健身类', null, null, null, null, null, '0', '0', '2016-10-24 17:19:30', null, null, null, null), ('287', '3', '上海对外经贸大学', '心理成长协会', '4', '公益实践类', null, null, null, null, null, '0', '0', '2016-10-24 17:19:30', null, null, null, null), ('288', '3', '上海对外经贸大学', '千寻职业发展社', '4', '公益实践类', null, null, null, null, null, '0', '0', '2016-10-24 17:19:30', null, null, null, null), ('289', '3', '上海对外经贸大学', 'Study abroad远学社', '4', '公益实践类', null, null, null, null, null, '0', '0', '2016-10-24 17:19:30', null, null, null, null), ('290', '3', '上海对外经贸大学', 'idea精英汇', '4', '公益实践类', null, null, null, null, null, '0', '0', '2016-10-24 17:19:30', null, null, null, null), ('291', '3', '上海对外经贸大学', '国际与公共事务协会', '4', '公益实践类', null, null, null, null, null, '0', '0', '2016-10-24 17:19:30', null, null, null, null), ('292', '3', '上海对外经贸大学', '爱心社', '4', '公益实践类', null, null, null, null, null, '0', '0', '2016-10-24 17:19:30', null, null, null, null), ('293', '3', '上海对外经贸大学', 'Silent-Love手语社', '4', '公益实践类', null, null, null, null, null, '0', '0', '2016-10-24 17:19:30', null, null, null, null), ('294', '3', '上海对外经贸大学', '小动物保护协会', '4', '公益实践类', null, null, null, null, null, '0', '0', '2016-10-24 17:19:30', null, null, null, null), ('295', '3', '上海对外经贸大学', '绿色生活协会', '4', '公益实践类', null, null, null, null, null, '0', '0', '2016-10-24 17:19:30', null, null, null, null), ('296', '3', '上海对外经贸大学', '义工俱乐部', '4', '公益实践类', null, null, null, null, null, '0', '0', '2016-10-24 17:19:30', null, null, null, null), ('297', '4', '华东政法大学', '青鸟网球社', '1', '体育健身类', null, null, null, null, null, '0', '0', '2016-10-24 17:19:30', null, null, null, null), ('298', '4', '华东政法大学', 'on road 骑行社', '1', '体育健身类', null, null, null, null, null, '0', '0', '2016-10-24 17:19:30', null, null, null, null), ('299', '4', '华东政法大学', 'FBT篮球社', '1', '体育健身类', null, null, null, null, null, '0', '0', '2016-10-24 17:19:30', null, null, null, null), ('300', '4', '华东政法大学', '乒乓球协会', '1', '体育健身类', null, null, null, null, null, '0', '0', '2016-10-24 17:19:30', null, null, null, null), ('301', '4', '华东政法大学', '金鑫足球协会', '1', '体育健身类', null, null, null, null, null, '0', '0', '2016-10-24 17:19:30', null, null, null, null), ('302', '4', '华东政法大学', '健身协会', '1', '体育健身类', null, null, null, null, null, '0', '0', '2016-10-24 17:19:30', null, null, null, null), ('303', '4', '华东政法大学', '平花轮滑社', '1', '体育健身类', null, null, null, null, null, '0', '0', '2016-10-24 17:19:30', null, null, null, null), ('304', '4', '华东政法大学', '翱翼羽毛球协会', '1', '体育健身类', null, null, null, null, null, '0', '0', '2016-10-24 17:19:30', null, null, null, null), ('305', '4', '华东政法大学', '金运击剑协会', '1', '体育健身类', null, null, null, null, null, '0', '0', '2016-10-24 17:19:30', null, null, null, null), ('306', '4', '华东政法大学', '华蕴武道协会', '1', '体育健身类', null, null, null, null, null, '0', '0', '2016-10-24 17:19:30', null, null, null, null), ('307', '4', '华东政法大学', '演讲协会', '2', '学术交流类', null, null, null, null, null, '0', '0', '2016-10-24 17:19:30', null, null, null, null), ('308', '4', '华东政法大学', '未来金融家协会', '2', '学术交流类', null, null, null, null, null, '0', '0', '2016-10-24 17:19:30', null, null, null, null), ('309', '4', '华东政法大学', '科学技术协会', '2', '学术交流类', null, null, null, null, null, '0', '0', '2016-10-24 17:19:30', null, null, null, null), ('310', '4', '华东政法大学', '职业规划协会', '2', '学术交流类', null, null, null, null, null, '0', '0', '2016-10-24 17:19:30', null, null, null, null), ('311', '4', '华东政法大学', '会计协会', '2', '学术交流类', null, null, null, null, null, '0', '0', '2016-10-24 17:19:30', null, null, null, null), ('312', '4', '华东政法大学', 'ERP沙盘协会', '2', '学术交流类', null, null, null, null, null, '0', '0', '2016-10-24 17:19:30', null, null, null, null), ('313', '4', '华东政法大学', '国际商务双创协会', '2', '学术交流类', null, null, null, null, null, '0', '0', '2016-10-24 17:19:30', null, null, null, null), ('314', '4', '华东政法大学', '金院Enactus协会', '2', '学术交流类', null, null, null, null, null, '0', '0', '2016-10-24 17:19:30', null, null, null, null), ('315', '4', '华东政法大学', '数学建模协会', '2', '学术交流类', null, null, null, null, null, '0', '0', '2016-10-24 17:19:30', null, null, null, null), ('316', '4', '华东政法大学', '融理当代金银币文化研究协会', '2', '学术交流类', null, null, null, null, null, '0', '0', '2016-10-24 17:19:30', null, null, null, null), ('317', '4', '华东政法大学', 'FPA大学生性格色彩研究会', '2', '学术交流类', null, null, null, null, null, '0', '0', '2016-10-24 17:19:30', null, null, null, null), ('318', '4', '华东政法大学', '校报学生记者团', '2', '学术交流类', null, null, null, null, null, '0', '0', '2016-10-24 17:19:30', null, null, null, null), ('319', '4', '华东政法大学', '经济学会', '2', '学术交流类', null, null, null, null, null, '0', '0', '2016-10-24 17:19:30', null, null, null, null), ('320', '4', '华东政法大学', '金院JA', '2', '学术交流类', null, null, null, null, null, '0', '0', '2016-10-24 17:19:30', null, null, null, null), ('321', '4', '华东政法大学', '御茶社', '3', '文化艺术类', null, null, null, null, null, '0', '0', '2016-10-24 17:19:30', null, null, null, null), ('322', '4', '华东政法大学', 'Filmway微电影协会', '3', '文化艺术类', null, null, null, null, null, '0', '0', '2016-10-24 17:19:30', null, null, null, null), ('323', '4', '华东政法大学', '摄影协会', '3', '文化艺术类', null, null, null, null, null, '0', '0', '2016-10-24 17:19:30', null, null, null, null), ('324', '4', '华东政法大学', '春晖社', '3', '文化艺术类', null, null, null, null, null, '0', '0', '2016-10-24 17:19:30', null, null, null, null), ('325', '4', '华东政法大学', '好多好多肉', '3', '文化艺术类', null, null, null, null, null, '0', '0', '2016-10-24 17:19:30', null, null, null, null), ('326', '4', '华东政法大学', '微梦社', '3', '文化艺术类', null, null, null, null, null, '0', '0', '2016-10-24 17:19:30', null, null, null, null), ('327', '4', '华东政法大学', '竞技棋牌协会', '3', '文化艺术类', null, null, null, null, null, '0', '0', '2016-10-24 17:19:30', null, null, null, null), ('328', '4', '华东政法大学', '动漫协会', '3', '文化艺术类', null, null, null, null, null, '0', '0', '2016-10-24 17:19:30', null, null, null, null), ('329', '4', '华东政法大学', '金声雅韵朗诵协会', '3', '文化艺术类', null, null, null, null, null, '0', '0', '2016-10-24 17:19:30', null, null, null, null), ('330', '4', '华东政法大学', '星点文学社', '3', '文化艺术类', null, null, null, null, null, '0', '0', '2016-10-24 17:19:30', null, null, null, null), ('331', '4', '华东政法大学', '十字方急救社', '3', '文化艺术类', null, null, null, null, null, '0', '0', '2016-10-24 17:19:30', null, null, null, null), ('332', '4', '华东政法大学', '美术协会', '3', '文化艺术类', null, null, null, null, null, '0', '0', '2016-10-24 17:19:30', null, null, null, null), ('333', '4', '华东政法大学', '音乐剧社', '3', '文化艺术类', null, null, null, null, null, '0', '0', '2016-10-24 17:19:30', null, null, null, null), ('334', '4', '华东政法大学', '云出岫社', '3', '文化艺术类', null, null, null, null, null, '0', '0', '2016-10-24 17:19:30', null, null, null, null), ('335', '4', '华东政法大学', '梦翼话剧社', '3', '文化艺术类', null, null, null, null, null, '0', '0', '2016-10-24 17:19:30', null, null, null, null), ('336', '4', '华东政法大学', '瑞米传奇魔术协会', '3', '文化艺术类', null, null, null, null, null, '0', '0', '2016-10-24 17:19:30', null, null, null, null), ('337', '4', '华东政法大学', '自有摇滚音乐社', '3', '文化艺术类', null, null, null, null, null, '0', '0', '2016-10-24 17:19:31', null, null, null, null), ('338', '4', '华东政法大学', 'ONS街舞社', '3', '文化艺术类', null, null, null, null, null, '0', '0', '2016-10-24 17:19:31', null, null, null, null), ('339', '4', '华东政法大学', '流行音乐协会', '3', '文化艺术类', null, null, null, null, null, '0', '0', '2016-10-24 17:19:31', null, null, null, null), ('340', '4', '华东政法大学', 'vovager现代音乐联盟', '3', '文化艺术类', null, null, null, null, null, '0', '0', '2016-10-24 17:19:31', null, null, null, null), ('341', '4', '华东政法大学', ' 文化桥协会', '3', '文化艺术类', null, null, null, null, null, '0', '0', '2016-10-24 17:19:31', null, null, null, null), ('342', '4', '华东政法大学', ' English Club ', '4', '公益实践类', null, null, null, null, null, '0', '0', '2016-10-24 17:19:31', null, null, null, null), ('343', '4', '华东政法大学', '英语视听协会', '4', '公益实践类', null, null, null, null, null, '0', '0', '2016-10-24 17:19:31', null, null, null, null), ('344', '4', '华东政法大学', '英语口语协会', '4', '公益实践类', null, null, null, null, null, '0', '0', '2016-10-24 17:19:31', null, null, null, null), ('345', '4', '华东政法大学', '左岸法语协会', '4', '公益实践类', null, null, null, null, null, '0', '0', '2016-10-24 17:19:31', null, null, null, null), ('346', '4', '华东政法大学', '爱心手语协会', '4', '公益实践类', null, null, null, null, null, '0', '0', '2016-10-24 17:19:31', null, null, null, null), ('347', '4', '华东政法大学', 'iDub配音社', '4', '公益实践类', null, null, null, null, null, '0', '0', '2016-10-24 17:19:31', null, null, null, null), ('348', '4', '华东政法大学', '模拟联合国协会', '4', '公益实践类', null, null, null, null, null, '0', '0', '2016-10-24 17:19:31', null, null, null, null), ('349', '4', '华东政法大学', 'ICS国际交流社', '4', '公益实践类', null, null, null, null, null, '0', '0', '2016-10-24 17:19:31', null, null, null, null), ('350', '4', '华东政法大学', '美食协会', '4', '公益实践类', null, null, null, null, null, '0', '0', '2016-10-24 17:19:31', null, null, null, null), ('351', '4', '华东政法大学', 'UNI快闪', '4', '公益实践类', null, null, null, null, null, '0', '0', '2016-10-24 17:19:31', null, null, null, null), ('352', '5', '上海外国语大学', '新食尚协会', '4', '公益实践类', null, null, null, null, null, '0', '0', '2016-10-24 17:19:31', null, null, null, null), ('353', '5', '上海外国语大学', '阳光协会', '4', '公益实践类', null, null, null, null, null, '0', '0', '2016-10-24 17:19:31', null, null, null, null), ('354', '5', '上海外国语大学', 'Enactus（创行）协会', '4', '公益实践类', null, null, null, null, null, '0', '0', '2016-10-24 17:19:31', null, null, null, null), ('355', '5', '上海外国语大学', '正能量社', '4', '公益实践类', null, null, null, null, null, '0', '0', '2016-10-24 17:19:31', null, null, null, null), ('356', '5', '上海外国语大学', '环保协会', '4', '公益实践类', null, null, null, null, null, '0', '0', '2016-10-24 17:19:31', null, null, null, null), ('357', '5', '上海外国语大学', '益方社', '4', '公益实践类', null, null, null, null, null, '0', '0', '2016-10-24 17:19:31', null, null, null, null), ('358', '5', '上海外国语大学', '校园陋习啄木鸟协会', '4', '公益实践类', null, null, null, null, null, '0', '0', '2016-10-24 17:19:31', null, null, null, null), ('359', '5', '上海外国语大学', '微笑益GO', '4', '公益实践类', null, null, null, null, null, '0', '0', '2016-10-24 17:19:31', null, null, null, null), ('360', '5', '上海外国语大学', '社区安全促进会', '4', '公益实践类', null, null, null, null, null, '0', '0', '2016-10-24 17:19:31', null, null, null, null), ('361', '5', '上海外国语大学', '超视觉社', '4', '公益实践类', null, null, null, null, null, '0', '0', '2016-10-24 17:19:31', null, null, null, null), ('362', '5', '上海外国语大学', '职业规划与发展协会（CEO）', '2', '学术交流类', null, null, null, null, null, '0', '0', '2016-10-24 17:19:31', null, null, null, null), ('363', '5', '上海外国语大学', '创业协会', '2', '学术交流类', null, null, null, null, null, '0', '0', '2016-10-24 17:19:31', null, null, null, null), ('364', '5', '上海外国语大学', 'MBA商务管理协会', '2', '学术交流类', null, null, null, null, null, '0', '0', '2016-10-24 17:19:31', null, null, null, null), ('365', '5', '上海外国语大学', 'Idea精英汇', '2', '学术交流类', null, null, null, null, null, '0', '0', '2016-10-24 17:19:31', null, null, null, null), ('366', '5', '上海外国语大学', '清风飞扬（电影制作）', '2', '学术交流类', null, null, null, null, null, '0', '0', '2016-10-24 17:19:31', null, null, null, null), ('367', '5', '上海外国语大学', '小时光机DV社', '2', '学术交流类', null, null, null, null, null, '0', '0', '2016-10-24 17:19:31', null, null, null, null), ('368', '5', '上海外国语大学', '新媒体研究会', '2', '学术交流类', null, null, null, null, null, '0', '0', '2016-10-24 17:19:31', null, null, null, null), ('369', '5', '上海外国语大学', '计算机信息交流协会CIC', '2', '学术交流类', null, null, null, null, null, '0', '0', '2016-10-24 17:19:31', null, null, null, null), ('370', '5', '上海外国语大学', '天文爱好者协会', '2', '学术交流类', null, null, null, null, null, '0', '0', '2016-10-24 17:19:31', null, null, null, null), ('371', '5', '上海外国语大学', '汽车协会', '2', '学术交流类', null, null, null, null, null, '0', '0', '2016-10-24 17:19:31', null, null, null, null), ('372', '5', '上海外国语大学', '生物协会', '2', '学术交流类', null, null, null, null, null, '0', '0', '2016-10-24 17:19:31', null, null, null, null), ('373', '5', '上海外国语大学', '法学社', '2', '学术交流类', null, null, null, null, null, '0', '0', '2016-10-24 17:19:31', null, null, null, null), ('374', '5', '上海外国语大学', '理学协会', '2', '学术交流类', null, null, null, null, null, '0', '0', '2016-10-24 17:19:31', null, null, null, null), ('375', '5', '上海外国语大学', '党员素质拓展协会', '2', '学术交流类', null, null, null, null, null, '0', '0', '2016-10-24 17:19:31', null, null, null, null), ('376', '5', '上海外国语大学', '工程图学协会', '2', '学术交流类', null, null, null, null, null, '0', '0', '2016-10-24 17:19:31', null, null, null, null), ('377', '5', '上海外国语大学', '天文文学社', '2', '学术交流类', null, null, null, null, null, '0', '0', '2016-10-24 17:19:31', null, null, null, null), ('378', '5', '上海外国语大学', '和谐文化理论社', '2', '学术交流类', null, null, null, null, null, '0', '0', '2016-10-24 17:19:31', null, null, null, null), ('379', '5', '上海外国语大学', '星火社', '2', '学术交流类', null, null, null, null, null, '0', '0', '2016-10-24 17:19:31', null, null, null, null), ('380', '5', '上海外国语大学', '国防协会', '2', '学术交流类', null, null, null, null, null, '0', '0', '2016-10-24 17:19:31', null, null, null, null), ('381', '5', '上海外国语大学', '青年社', '3', '文化艺术类', null, null, null, null, null, '0', '0', '2016-10-24 17:19:31', null, null, null, null), ('382', '5', '上海外国语大学', '纵横协会', '3', '文化艺术类', null, null, null, null, null, '0', '0', '2016-10-24 17:19:31', null, null, null, null), ('383', '5', '上海外国语大学', '日之韵', '3', '文化艺术类', null, null, null, null, null, '0', '0', '2016-10-24 17:19:31', null, null, null, null), ('384', '5', '上海外国语大学', 'English Family英语之家', '3', '文化艺术类', null, null, null, null, null, '0', '0', '2016-10-24 17:19:31', null, null, null, null), ('385', '5', '上海外国语大学', '模拟联合国协会', '3', '文化艺术类', null, null, null, null, null, '0', '0', '2016-10-24 17:19:31', null, null, null, null), ('386', '5', '上海外国语大学', '国风尚观汉服社', '3', '文化艺术类', null, null, null, null, null, '0', '0', '2016-10-24 17:19:31', null, null, null, null), ('387', '5', '上海外国语大学', '墨韵书法协会', '3', '文化艺术类', null, null, null, null, null, '0', '0', '2016-10-24 17:19:31', null, null, null, null), ('388', '5', '上海外国语大学', '英语演讲辩论协会', '3', '文化艺术类', null, null, null, null, null, '0', '0', '2016-10-24 17:19:31', null, null, null, null), ('389', '5', '上海外国语大学', '明德读书协会', '3', '文化艺术类', null, null, null, null, null, '0', '0', '2016-10-24 17:19:31', null, null, null, null), ('390', '5', '上海外国语大学', '创艺坊', '3', '文化艺术类', null, null, null, null, null, '0', '0', '2016-10-24 17:19:31', null, null, null, null), ('391', '5', '上海外国语大学', '视觉摄影社', '3', '文化艺术类', null, null, null, null, null, '0', '0', '2016-10-24 17:19:31', null, null, null, null), ('392', '5', '上海外国语大学', 'SO DANCE 街舞社', '3', '文化艺术类', null, null, null, null, null, '0', '0', '2016-10-24 17:19:31', null, null, null, null), ('393', '5', '上海外国语大学', '花艺协会', '3', '文化艺术类', null, null, null, null, null, '0', '0', '2016-10-24 17:19:31', null, null, null, null), ('394', '5', '上海外国语大学', '京剧票友会', '3', '文化艺术类', null, null, null, null, null, '0', '0', '2016-10-24 17:19:31', null, null, null, null), ('395', '5', '上海外国语大学', '吉他社', '3', '文化艺术类', null, null, null, null, null, '0', '0', '2016-10-24 17:19:31', null, null, null, null), ('396', '5', '上海外国语大学', '拉丁舞社', '3', '文化艺术类', null, null, null, null, null, '0', '0', '2016-10-24 17:19:31', null, null, null, null), ('397', '5', '上海外国语大学', '六艺会馆', '3', '文化艺术类', null, null, null, null, null, '0', '0', '2016-10-24 17:19:31', null, null, null, null), ('398', '5', '上海外国语大学', 'YD漫协', '3', '文化艺术类', null, null, null, null, null, '0', '0', '2016-10-24 17:19:31', null, null, null, null), ('399', '5', '上海外国语大学', '陶然社', '3', '文化艺术类', null, null, null, null, null, '0', '0', '2016-10-24 17:19:31', null, null, null, null), ('400', '5', '上海外国语大学', '艺海艺术团', '3', '文化艺术类', null, null, null, null, null, '0', '0', '2016-10-24 17:19:31', null, null, null, null), ('401', '5', '上海外国语大学', '影视艺苑', '3', '文化艺术类', null, null, null, null, null, '0', '0', '2016-10-24 17:19:31', null, null, null, null), ('402', '5', '上海外国语大学', '魔术社', '3', '文化艺术类', null, null, null, null, null, '0', '0', '2016-10-24 17:19:31', null, null, null, null), ('403', '5', '上海外国语大学', '“欢语笑林”相声社', '3', '文化艺术类', null, null, null, null, null, '0', '0', '2016-10-24 17:19:31', null, null, null, null), ('404', '5', '上海外国语大学', '秋叶话剧社', '3', '文化艺术类', null, null, null, null, null, '0', '0', '2016-10-24 17:19:31', null, null, null, null), ('405', '5', '上海外国语大学', '昆曲研习社', '3', '文化艺术类', null, null, null, null, null, '0', '0', '2016-10-24 17:19:31', null, null, null, null), ('406', '5', '上海外国语大学', 'just now小品社', '3', '文化艺术类', null, null, null, null, null, '0', '0', '2016-10-24 17:19:31', null, null, null, null), ('407', '5', '上海外国语大学', '弦之韵乐坊', '3', '文化艺术类', null, null, null, null, null, '0', '0', '2016-10-24 17:19:31', null, null, null, null), ('408', '5', '上海外国语大学', '棋艺社', '3', '文化艺术类', null, null, null, null, null, '0', '0', '2016-10-24 17:19:31', null, null, null, null), ('409', '5', '上海外国语大学', '社区安全促进会', '3', '文化艺术类', null, null, null, null, null, '0', '0', '2016-10-24 17:19:31', null, null, null, null), ('410', '5', '上海外国语大学', '左攸户外俱乐部', '1', '体育健身类', null, null, null, null, null, '0', '0', '2016-10-24 17:19:31', null, null, null, null), ('411', '5', '上海外国语大学', '棒垒协会', '1', '体育健身类', null, null, null, null, null, '0', '0', '2016-10-24 17:19:31', null, null, null, null), ('412', '5', '上海外国语大学', '乒乓球协会', '1', '体育健身类', null, null, null, null, null, '0', '0', '2016-10-24 17:19:31', null, null, null, null), ('413', '5', '上海外国语大学', 'Ibounce极限社', '1', '体育健身类', null, null, null, null, null, '0', '0', '2016-10-24 17:19:31', null, null, null, null), ('414', '5', '上海外国语大学', 'evc排球协会', '1', '体育健身类', null, null, null, null, null, '0', '0', '2016-10-24 17:19:31', null, null, null, null), ('415', '5', '上海外国语大学', '空手道社', '1', '体育健身类', null, null, null, null, null, '0', '0', '2016-10-24 17:19:31', null, null, null, null), ('416', '5', '上海外国语大学', '跆风跆拳道社', '1', '体育健身类', null, null, null, null, null, '0', '0', '2016-10-24 17:19:31', null, null, null, null), ('417', '5', '上海外国语大学', '飒蓝女子篮球社', '1', '体育健身类', null, null, null, null, null, '0', '0', '2016-10-24 17:19:31', null, null, null, null), ('418', '5', '上海外国语大学', '博格桌游社', '1', '体育健身类', null, null, null, null, null, '0', '0', '2016-10-24 17:19:31', null, null, null, null), ('419', '5', '上海外国语大学', '健美健身社', '1', '体育健身类', null, null, null, null, null, '0', '0', '2016-10-24 17:19:31', null, null, null, null), ('420', '5', '上海外国语大学', '自行车协会', '1', '体育健身类', null, null, null, null, null, '0', '0', '2016-10-24 17:19:31', null, null, null, null), ('421', '5', '上海外国语大学', '“飞羽”羽毛球社', '1', '体育健身类', null, null, null, null, null, '0', '0', '2016-10-24 17:19:31', null, null, null, null), ('422', '5', '上海外国语大学', '橄榄球协会', '1', '体育健身类', null, null, null, null, null, '0', '0', '2016-10-24 17:19:31', null, null, null, null), ('423', '5', '上海外国语大学', '曲棍社', '1', '体育健身类', null, null, null, null, null, '0', '0', '2016-10-24 17:19:31', null, null, null, null), ('424', '5', '上海外国语大学', '棍极社', '1', '体育健身类', null, null, null, null, null, '0', '0', '2016-10-24 17:19:31', null, null, null, null), ('425', '5', '上海外国语大学', '台球社', '1', '体育健身类', null, null, null, null, null, '0', '0', '2016-10-24 17:19:31', null, null, null, null), ('426', '5', '上海外国语大学', '龙舟社', '1', '体育健身类', null, null, null, null, null, '0', '0', '2016-10-24 17:19:31', null, null, null, null), ('427', '5', '上海外国语大学', '足球协会', '1', '体育健身类', null, null, null, null, null, '0', '0', '2016-10-24 17:19:31', null, null, null, null), ('428', '5', '上海外国语大学', '清一社', '1', '体育健身类', null, null, null, null, null, '0', '0', '2016-10-24 17:19:31', null, null, null, null), ('429', '5', '上海外国语大学', '武术协会', '1', '体育健身类', null, null, null, null, null, '0', '0', '2016-10-24 17:19:32', null, null, null, null), ('430', '5', '上海外国语大学', '蚂蚁素质拓展协会', '1', '体育健身类', null, null, null, null, null, '0', '0', '2016-10-24 17:19:32', null, null, null, null), ('431', '5', '上海外国语大学', '尊古太极社', '1', '体育健身类', null, null, null, null, null, '0', '0', '2016-10-24 17:19:32', null, null, null, null), ('432', '5', '上海外国语大学', '剑魂社', '1', '体育健身类', null, null, null, null, null, '0', '0', '2016-10-24 17:19:32', null, null, null, null), ('433', '6', '东华大学', '云武跆拳道社团', '1', '体育健身类', null, null, null, null, null, '0', '0', '2016-10-24 17:19:32', null, null, null, null), ('434', '6', '东华大学', '散打社', '1', '体育健身类', null, null, null, null, null, '0', '0', '2016-10-24 17:19:32', null, null, null, null), ('435', '6', '东华大学', '台球社', '1', '体育健身类', null, null, null, null, null, '0', '0', '2016-10-24 17:19:32', null, null, null, null), ('436', '6', '东华大学', '棒球社', '1', '体育健身类', null, null, null, null, null, '0', '0', '2016-10-24 17:19:32', null, null, null, null), ('437', '6', '东华大学', '轮滑社', '1', '体育健身类', null, null, null, null, null, '0', '0', '2016-10-24 17:19:32', null, null, null, null), ('438', '6', '东华大学', '武术协会', '1', '体育健身类', null, null, null, null, null, '0', '0', '2016-10-24 17:19:32', null, null, null, null), ('439', '6', '东华大学', '攀岩社', '1', '体育健身类', null, null, null, null, null, '0', '0', '2016-10-24 17:19:32', null, null, null, null), ('440', '6', '东华大学', '高尔夫协会Sunny Feeling', '1', '体育健身类', null, null, null, null, null, '0', '0', '2016-10-24 17:19:32', null, null, null, null), ('441', '6', '东华大学', '乒乓球社', '1', '体育健身类', null, null, null, null, null, '0', '0', '2016-10-24 17:19:32', null, null, null, null), ('442', '6', '东华大学', '空手道社', '1', '体育健身类', null, null, null, null, null, '0', '0', '2016-10-24 17:19:32', null, null, null, null), ('443', '6', '东华大学', '泡菜韩语社', '3', '文化艺术类', null, null, null, null, null, '0', '0', '2016-10-24 17:19:32', null, null, null, null), ('444', '6', '东华大学', '魅力外语社', '3', '文化艺术类', null, null, null, null, null, '0', '0', '2016-10-24 17:19:32', null, null, null, null), ('445', '6', '东华大学', '日语社', '3', '文化艺术类', null, null, null, null, null, '0', '0', '2016-10-24 17:19:32', null, null, null, null), ('446', '6', '东华大学', '摄影社', '3', '文化艺术类', null, null, null, null, null, '0', '0', '2016-10-24 17:19:32', null, null, null, null), ('447', '6', '东华大学', '魔术社', '3', '文化艺术类', null, null, null, null, null, '0', '0', '2016-10-24 17:19:32', null, null, null, null), ('448', '6', '东华大学', '睿智英语社', '3', '文化艺术类', null, null, null, null, null, '0', '0', '2016-10-24 17:19:32', null, null, null, null), ('449', '6', '东华大学', '魔方社', '3', '文化艺术类', null, null, null, null, null, '0', '0', '2016-10-24 17:19:32', null, null, null, null), ('450', '6', '东华大学', '手语社', '3', '文化艺术类', null, null, null, null, null, '0', '0', '2016-10-24 17:19:32', null, null, null, null), ('451', '6', '东华大学', '书法社', '3', '文化艺术类', null, null, null, null, null, '0', '0', '2016-10-24 17:19:32', null, null, null, null), ('452', '6', '东华大学', '动漫社团', '3', '文化艺术类', null, null, null, null, null, '0', '0', '2016-10-24 17:19:32', null, null, null, null), ('453', '6', '东华大学', '话剧舞台社', '3', '文化艺术类', null, null, null, null, null, '0', '0', '2016-10-24 17:19:32', null, null, null, null), ('454', '6', '东华大学', '吉他社', '3', '文化艺术类', null, null, null, null, null, '0', '0', '2016-10-24 17:19:32', null, null, null, null), ('455', '6', '东华大学', '舞乐天社团', '3', '文化艺术类', null, null, null, null, null, '0', '0', '2016-10-24 17:19:32', null, null, null, null), ('456', '6', '东华大学', '街舞社', '3', '文化艺术类', null, null, null, null, null, '0', '0', '2016-10-24 17:19:32', null, null, null, null), ('457', '6', '东华大学', '魅力四社', '3', '文化艺术类', null, null, null, null, null, '0', '0', '2016-10-24 17:19:32', null, null, null, null), ('458', '6', '东华大学', 'BC-J（舞台表演）', '3', '文化艺术类', null, null, null, null, null, '0', '0', '2016-10-24 17:19:32', null, null, null, null), ('459', '6', '东华大学', '步知火舞社', '3', '文化艺术类', null, null, null, null, null, '0', '0', '2016-10-24 17:19:32', null, null, null, null), ('460', '6', '东华大学', '职业发展协会', '2', '学术交流类', null, null, null, null, null, '0', '0', '2016-10-24 17:19:32', null, null, null, null), ('461', '6', '东华大学', '商贸协会', '2', '学术交流类', null, null, null, null, null, '0', '0', '2016-10-24 17:19:32', null, null, null, null), ('462', '6', '东华大学', '同人社', '2', '学术交流类', null, null, null, null, null, '0', '0', '2016-10-24 17:19:32', null, null, null, null), ('463', '6', '东华大学', 'ACM（科技社）', '2', '学术交流类', null, null, null, null, null, '0', '0', '2016-10-24 17:19:32', null, null, null, null), ('464', '6', '东华大学', 'B-all俱乐部', '4', '公益实践类', null, null, null, null, null, '0', '0', '2016-10-24 17:19:32', null, null, null, null), ('465', '6', '东华大学', '旅游协会', '4', '公益实践类', null, null, null, null, null, '0', '0', '2016-10-24 17:19:32', null, null, null, null), ('466', '6', '东华大学', '绿手印（环保）', '4', '公益实践类', null, null, null, null, null, '0', '0', '2016-10-24 17:19:32', null, null, null, null);
COMMIT;

-- ----------------------------
--  Table structure for `imgs`
-- ----------------------------
DROP TABLE IF EXISTS `imgs`;
CREATE TABLE `imgs` (
  `id` int(11) NOT NULL AUTO_INCREMENT,
  `img_type` tinyint(1) NOT NULL COMMENT '1.社团logo图片；2.社团介绍图片；3.活动banner；4.活动介绍图片［其他待补充，后续加入字典表］',
  `img_url` varchar(255) COLLATE utf8_bin NOT NULL,
  `ower_id` int(11) NOT NULL,
  `status` tinyint(1) NOT NULL DEFAULT '1' COMMENT '1.当前可用；2.不可用',
  `sort` tinyint(1) NOT NULL DEFAULT '1' COMMENT '排序图片务必代入1，2，3',
  `update_time` timestamp NOT NULL DEFAULT CURRENT_TIMESTAMP,
  PRIMARY KEY (`id`)
) ENGINE=InnoDB DEFAULT CHARSET=utf8 COLLATE=utf8_bin ROW_FORMAT=COMPACT COMMENT='图片表\n后续增加字典表';

-- ----------------------------
--  Table structure for `partners``event_members``event_members`
-- ----------------------------
DROP TABLE IF EXISTS `partners`;
CREATE TABLE `partners` (
  `id` int(11) NOT NULL AUTO_INCREMENT,
  `mobile` bigint(11) DEFAULT NULL,
  `real_name` varchar(100) COLLATE utf8_bin DEFAULT NULL COMMENT '真实姓名',
  `status` tinyint(1) DEFAULT '1' COMMENT '1.待审核；2.审核通过；3:审核未通过',
  `type` tinyint(1) NOT NULL DEFAULT '1' COMMENT '合伙人类型：1：校园合伙人，2其他',
  `join_time` datetime NOT NULL DEFAULT CURRENT_TIMESTAMP COMMENT '加入时间',
  `check_info` varchar(100) COLLATE utf8_bin DEFAULT NULL COMMENT '审核信息',
  `check_time` datetime NOT NULL DEFAULT CURRENT_TIMESTAMP COMMENT '审核时间',
  PRIMARY KEY (`id`)
) ENGINE=InnoDB AUTO_INCREMENT=303 DEFAULT CHARSET=utf8 COLLATE=utf8_bin ROW_FORMAT=COMPACT COMMENT='合伙人信息表';

-- ----------------------------
--  Table structure for `resources`
-- ----------------------------
DROP TABLE IF EXISTS `resources`;
CREATE TABLE `resources` (
  `id` int(11) NOT NULL,
  `parent_id` int(11) DEFAULT NULL,
  `parent_ids` varchar(45) DEFAULT NULL,
  `name` varchar(200) DEFAULT NULL,
  `type` int(11) DEFAULT NULL COMMENT '资源类型:1:菜单，2：接口',
  `url` varchar(200) DEFAULT NULL,
  `permission` varchar(200) DEFAULT NULL COMMENT '权限标识',
  `sort` varchar(50) DEFAULT NULL COMMENT '排序',
  `icon` varchar(50) DEFAULT NULL COMMENT '资源图标',
  `create_by` int(11) DEFAULT NULL COMMENT '创建者ID',
  `create_time` datetime NOT NULL,
  `update_by` int(11) NOT NULL COMMENT '更新者ID',
  `update_time` datetime DEFAULT NULL COMMENT '更新时间',
  `available` int(11) DEFAULT NULL COMMENT '是否启用，1：启用，0：未启用',
  PRIMARY KEY (`id`)
) ENGINE=InnoDB DEFAULT CHARSET=utf8 COMMENT='资源信息表';

-- ----------------------------
--  Table structure for `role_resource`
-- ----------------------------
DROP TABLE IF EXISTS `role_resource`;
CREATE TABLE `role_resource` (
  `role_id` int(11) NOT NULL,
  `resource_id` int(11) NOT NULL,
  PRIMARY KEY (`role_id`,`resource_id`)
) ENGINE=InnoDB DEFAULT CHARSET=utf8 COMMENT='角色资源映射表';

-- ----------------------------
--  Table structure for `roles`
-- ----------------------------
DROP TABLE IF EXISTS `roles`;
CREATE TABLE `roles` (
  `id` int(11) NOT NULL,
  `role_key` varchar(45) DEFAULT NULL,
  `role_name` varchar(45) DEFAULT NULL,
  `create_by` int(11) NOT NULL COMMENT '创建者ID',
  `create_time` datetime NOT NULL,
  `update_by` int(11) DEFAULT NULL COMMENT '更新者ID',
  `update_time` datetime DEFAULT NULL COMMENT '更新时间',
  `available` int(11) NOT NULL DEFAULT '1' COMMENT '是否启用：0：未启用，1启用。',
  PRIMARY KEY (`id`)
) ENGINE=InnoDB DEFAULT CHARSET=utf8 COMMENT='角色信息表';

-- ----------------------------
--  Table structure for `schools`
-- ----------------------------
DROP TABLE IF EXISTS `schools`;
CREATE TABLE `schools` (
  `id` int(11) NOT NULL AUTO_INCREMENT,
  `short_code` varchar(30) COLLATE utf8_bin NOT NULL COMMENT '学校短编码',
  `name` varchar(255) COLLATE utf8_bin NOT NULL COMMENT '学校名称',
  `area_code` varchar(10) COLLATE utf8_bin NOT NULL DEFAULT '21',
  `area_name` varchar(255) COLLATE utf8_bin NOT NULL DEFAULT '上海',
  `address` varchar(255) COLLATE utf8_bin DEFAULT NULL COMMENT '学校地址',
  `lat` varchar(20) COLLATE utf8_bin DEFAULT NULL COMMENT '纬度',
  `lon` varchar(20) COLLATE utf8_bin DEFAULT NULL COMMENT '经度',
  `sort` tinyint(1) NOT NULL DEFAULT '0',
  PRIMARY KEY (`id`)
) ENGINE=InnoDB AUTO_INCREMENT=7 DEFAULT CHARSET=utf8 COLLATE=utf8_bin ROW_FORMAT=COMPACT COMMENT='1.导入上海松江区大学城数据\n大学学校主表\n\n1.增加short_code,2016.09.27 by steven';

-- ----------------------------
--  Records of `schools`
-- ----------------------------
BEGIN;
INSERT INTO `schools` VALUES ('1', 'shgcjsdx', '上海工程技术大学', '021', '上海', '', '', '', '1'), ('2', 'shlxkjxy', '上海立信会计学院', '021', '上海', '', '', '', '2'), ('3', 'shdwjmdx', '上海对外经贸大学', '021', '上海', '', '', '', '3'), ('4', 'hdzfdx', '华东政法大学', '021', '上海', '', '', '', '4'), ('5', 'shwgydx', '上海外国语大学', '021', '上海', '', '', '', '5'), ('6', 'dhdx', '东华大学', '021', '上海', '', '', '', '6');
COMMIT;

-- ----------------------------
--  Table structure for `sms_logs`
-- ----------------------------
DROP TABLE IF EXISTS `sms_logs`;
CREATE TABLE `sms_logs` (
  `id` int(11) NOT NULL AUTO_INCREMENT,
  `to_mobile` int(11) DEFAULT NULL,
  `type` tinyint(1) NOT NULL COMMENT '短信模版［1.注册、2.找回密码］',
  `update_time` timestamp NOT NULL DEFAULT CURRENT_TIMESTAMP,
  PRIMARY KEY (`id`)
) ENGINE=InnoDB DEFAULT CHARSET=utf8 COLLATE=utf8_bin ROW_FORMAT=COMPACT COMMENT='短信日志表\n待确认\n';

-- ----------------------------
--  Table structure for `user_info`
-- ----------------------------
DROP TABLE IF EXISTS `user_info`;
CREATE TABLE `user_info` (
  `user_id` int(11) NOT NULL,
  `school_id` int(11) DEFAULT NULL,
  `school_name` varchar(255) COLLATE utf8_bin DEFAULT NULL,
  `mobile` bigint(11) DEFAULT NULL COMMENT '冗余字段',
  `nick_name` varchar(255) COLLATE utf8_bin DEFAULT NULL COMMENT '昵称',
  `real_name` varchar(255) COLLATE utf8_bin DEFAULT NULL COMMENT '真实姓名',
  `student_no` varchar(30) COLLATE utf8_bin DEFAULT NULL,
  `qq` varchar(255) COLLATE utf8_bin DEFAULT NULL,
  `valid` tinyint(1) NOT NULL DEFAULT '2' COMMENT '1.已经实名验证；2.未实名（默认未实名，当通过社长验证参加活动或社团时更新为已经实名验证）',
  `is_president` tinyint(1) NOT NULL DEFAULT '2' COMMENT '1.是社长2.不是社长［社长审核通过后update］,临时用',
  `avatar_url` varchar(255) COLLATE utf8_bin DEFAULT 'avatar.png' COMMENT '头像',
  PRIMARY KEY (`user_id`),
  CONSTRAINT `f_users_info` FOREIGN KEY (`user_id`) REFERENCES `users` (`id`)
) ENGINE=InnoDB DEFAULT CHARSET=utf8 COLLATE=utf8_bin ROW_FORMAT=COMPACT COMMENT='用户实名信息';

-- ----------------------------
--  Table structure for `user_role`
-- ----------------------------
DROP TABLE IF EXISTS `user_role`;
CREATE TABLE `user_role` (
  `user_id` int(11) NOT NULL,
  `role_id` int(11) NOT NULL,
  PRIMARY KEY (`user_id`,`role_id`)
) ENGINE=InnoDB DEFAULT CHARSET=utf8 COMMENT='用户角色映射表';

-- ----------------------------
--  Table structure for `user_weixin`
-- ----------------------------
DROP TABLE IF EXISTS `user_weixin`;
CREATE TABLE `user_weixin` (
  `user_id` int(11) NOT NULL,
  `unionid` varchar(36) COLLATE utf8_bin DEFAULT NULL COMMENT ' 只有在用户将公众号绑定到微信开放平台帐号后，才会出现该字段。详见：获取用户个人信息（UnionID机制） ',
  `openid` char(36) COLLATE utf8_bin NOT NULL COMMENT ' 用户的标识，对当前公众号唯一 ',
  `subscribe` tinyint(1) DEFAULT NULL COMMENT ' 用户是否订阅该公众号标识，值为0时，代表此用户没有关注该公众号，拉取不到其余信息。 ',
  `nickname` varchar(60) COLLATE utf8_bin DEFAULT NULL COMMENT ' 用户的昵称 ',
  `sex` char(32) COLLATE utf8_bin DEFAULT NULL COMMENT '用户的性别，值为1时是男性，值为2时是女性，值为0时是未知 ',
  `city` char(32) COLLATE utf8_bin DEFAULT NULL COMMENT ' 用户所在城市 ',
  `country` varchar(30) COLLATE utf8_bin DEFAULT '1' COMMENT ' 用户所在国家 ',
  `province` varchar(30) COLLATE utf8_bin DEFAULT NULL COMMENT ' 用户所在省份 ',
  `language` varchar(16) COLLATE utf8_bin DEFAULT NULL COMMENT ' 用户的语言，简体中文为zh_CN ',
  `headimgurl` varchar(255) COLLATE utf8_bin DEFAULT NULL COMMENT ' 用户头像，最后一个数值代表正方形头像大小（有0、46、64、96、132数值可选，0代表640*640正方形头像），用户没有头像时该项为空。若用户更换头像，原有头像URL将失效。 ',
  `subscribe_time` varchar(16) COLLATE utf8_bin DEFAULT NULL COMMENT '用户关注时间，为时间戳。如果用户曾多次关注，则取最后关注时间 ',
  `remark` varchar(255) COLLATE utf8_bin DEFAULT NULL COMMENT ' 公众号运营者对粉丝的备注，公众号运营者可在微信公众平台用户管理界面对粉丝添加备注 ',
  `groupid` char(16) COLLATE utf8_bin DEFAULT NULL COMMENT ' 用户所在的分组ID ',
  PRIMARY KEY (`user_id`),
  CONSTRAINT `f_user_weixin` FOREIGN KEY (`user_id`) REFERENCES `users` (`id`)
) ENGINE=InnoDB DEFAULT CHARSET=utf8 COLLATE=utf8_bin ROW_FORMAT=COMPACT COMMENT='1.微信用户，需要先在主标生成user_id;\n微信用户信息表';

-- ----------------------------
--  Table structure for `users`
-- ----------------------------
DROP TABLE IF EXISTS `users`;
CREATE TABLE `users` (
  `id` int(11) NOT NULL AUTO_INCREMENT,
  `mobile` bigint(11) DEFAULT NULL,
  `school_id` int(11) DEFAULT NULL COMMENT '实名后，冗余字段，未来分表子段',
  `short_name` varchar(100) COLLATE utf8_bin DEFAULT NULL COMMENT '系统唯一简称',
  `password` char(32) COLLATE utf8_bin DEFAULT NULL,
  `salt` char(32) COLLATE utf8_bin DEFAULT NULL,
  `status` tinyint(1) DEFAULT '1' COMMENT '1.正常；0.停用',
  `join_time` datetime NOT NULL DEFAULT CURRENT_TIMESTAMP COMMENT '注册时间',
  `update_time` datetime NOT NULL DEFAULT CURRENT_TIMESTAMP COMMENT '最后一次update时间',
  `origin` tinyint(1) NOT NULL DEFAULT '1' COMMENT '1.微信;2.ios;3.android;4.客服代注册',
  PRIMARY KEY (`id`),
  UNIQUE KEY `idx_users_mobile` (`mobile`)
) ENGINE=InnoDB DEFAULT CHARSET=utf8 COLLATE=utf8_bin ROW_FORMAT=COMPACT COMMENT='用户登录主表';

SET FOREIGN_KEY_CHECKS = 1;
